fid,source,data_type,elev_ft,depth_ft,latitude,longitude
264,Map or Cross-Section,Water/Monitoring Well,58.279,42.0,40.915556,-73.909722
265,Map or Cross-Section,Water/Monitoring Well,191.93,50.0,40.918889,-73.866111
266,Map or Cross-Section,Water/Monitoring Well,34.7776,9.0,40.894444,-73.791111
267,Map or Cross-Section,Water/Monitoring Well,66.175,34.0,40.91,-73.781944
268,Map or Cross-Section,Water/Monitoring Well,-3.5749,60.0,40.919444,-73.7875
269,Map or Cross-Section,Water/Monitoring Well,-40.8811,55.0,40.936944,-73.901111
270,Map or Cross-Section,Water/Monitoring Well,114.425,0.0,40.928611,-73.843611
271,Map or Cross-Section,Water/Monitoring Well,186.16,40.0,40.978056,-73.877778
272,Map or Cross-Section,Water/Monitoring Well,223.016,3.0,40.976111,-73.842222
273,Map or Cross-Section,Water/Monitoring Well,139.839,101.0,40.999444,-73.838889
274,Map or Cross-Section,Water/Monitoring Well,33.074,160.0,40.998056,-73.841667
276,Map or Cross-Section,Water/Monitoring Well,138.613,7.0,40.864722,-73.7625
277,Map or Cross-Section,Water/Monitoring Well,126.182,10.0,40.952222,-73.766667
278,Map or Cross-Section,Water/Monitoring Well,169.951,10.0,40.965,-73.753056
279,Map or Cross-Section,Water/Monitoring Well,95.025,6.0,40.972222,-73.730833
280,Map or Cross-Section,Water/Monitoring Well,254.111,24.0,40.980833,-73.785556
281,Map or Cross-Section,Water/Monitoring Well,40.2719,15.0,40.984167,-73.672222
15,WPA,Construction Borehole,-170.0,183.66,40.713611,-73.952222
16,WPA,Construction Borehole,-133.0,152.22,40.710556,-73.954167
0,USGS/NWIS,Water/Monitoring Well,-356.0,401.0,40.638333,-73.979722
1,USGS/NWIS,Water/Monitoring Well,-387.0,429.29,40.631667,-73.970278
3,USGS/NWIS,Water/Monitoring Well,-573.0,578.82,40.578056,-73.988056
4,USGS/NWIS,Water/Monitoring Well,-374.0,397.3,40.638611,-73.948333
5,USGS/NWIS,Water/Monitoring Well,-278.0,353.48,40.663611,-73.960556
6,USGS/NWIS,Water/Monitoring Well,-445.0,467.32,40.641667,-73.929167
7,USGS/NWIS,Water/Monitoring Well,-350.0,382.98,40.664167,-73.938889
8,USGS/NWIS,Water/Monitoring Well,-297.0,357.95,40.6775,-73.930556
9,USGS/NWIS,Water/Monitoring Well,-170.0,201.8,40.707222,-73.944722
10,USGS/NWIS,Water/Monitoring Well,-162.0,173.37,40.718611,-73.9475
12,USGS/NWIS,Water/Monitoring Well,-26.0,39.99,40.733611,-73.955278
13,USGS/NWIS,Water/Monitoring Well,-107.0,105.6,40.720833,-73.965833
14,USGS/NWIS,Water/Monitoring Well,-155.0,182.63,40.714722,-73.967222
18,USGS/NWIS,Water/Monitoring Well,-150.0,182.67,40.706389,-73.954444
19,USGS/NWIS,Water/Monitoring Well,-140.0,194.32,40.704722,-73.959167
20,USGS/NWIS,Water/Monitoring Well,-138.0,154.98,40.703333,-73.960833
22,USGS/NWIS,Water/Monitoring Well,-164.0,174.29,40.697778,-73.970278
23,USGS/NWIS,Water/Monitoring Well,-128.0,161.04,40.696111,-73.965556
24,USGS/NWIS,Water/Monitoring Well,-110.0,143.81,40.695833,-73.965833
26,USGS/NWIS,Water/Monitoring Well,-105.0,150.53,40.694722,-73.973889
27,USGS/NWIS,Water/Monitoring Well,-77.0,154.54,40.691667,-73.977778
29,USGS/NWIS,Water/Monitoring Well,-118.0,150.35,40.696389,-73.975278
31,USGS/NWIS,Water/Monitoring Well,-77.0,115.25,40.7025,-73.985
32,USGS/NWIS,Water/Monitoring Well,-86.0,84.5,40.704444,-73.99
33,USGS/NWIS,Water/Monitoring Well,-75.0,127.85,40.700556,-73.987222
34,USGS/NWIS,Water/Monitoring Well,-54.0,112.88,40.698889,-73.985833
35,USGS/NWIS,Water/Monitoring Well,-87.0,158.51,40.698333,-73.995278
36,USGS/NWIS,Water/Monitoring Well,-81.0,111.54,40.696389,-73.985
37,USGS/NWIS,Water/Monitoring Well,-69.0,103.48,40.693333,-73.983889
38,USGS/NWIS,Water/Monitoring Well,-68.0,99.92,40.688611,-73.981389
39,USGS/NWIS,Water/Monitoring Well,-75.0,107.09,40.688611,-73.9825
40,USGS/NWIS,Water/Monitoring Well,-59.0,100.76,40.688056,-73.983333
41,USGS/NWIS,Water/Monitoring Well,-152.0,191.28,40.685833,-73.983056
43,USGS/NWIS,Water/Monitoring Well,-81.0,91.67,40.692222,-74.002222
44,USGS/NWIS,Water/Monitoring Well,-130.0,158.78,40.685556,-73.986111
45,USGS/NWIS,Water/Monitoring Well,-161.0,181.49,40.685278,-73.987222
46,USGS/NWIS,Water/Monitoring Well,-83.0,97.53,40.684444,-73.989444
47,USGS/NWIS,Water/Monitoring Well,-86.0,113.98,40.682778,-73.993333
48,USGS/NWIS,Water/Monitoring Well,-126.0,175.83,40.681667,-73.996389
49,USGS/NWIS,Water/Monitoring Well,-113.0,162.61,40.680278,-74.000278
50,USGS/NWIS,Water/Monitoring Well,-111.0,119.81,40.678889,-74.016667
51,USGS/NWIS,Water/Monitoring Well,-103.0,113.14,40.675278,-74.004167
54,USGS/NWIS,Water/Monitoring Well,-148.0,176.45,40.635,-74.038611
66,USGS/NWIS,Water/Monitoring Well,-163.0,175.31,40.700556,-73.952778
67,USGS/NWIS,Water/Monitoring Well,-165.0,176.57,40.701111,-73.952222
70,USGS/NWIS,Water/Monitoring Well,-189.0,225.68,40.721944,-73.940556
71,USGS/NWIS,Water/Monitoring Well,-163.0,198.68,40.7225,-73.941111
78,USGS/NWIS,Water/Monitoring Well,-38.0,47.38,40.744444,-73.956667
79,USGS/NWIS,Water/Monitoring Well,-40.0,49.5,40.749167,-73.952778
80,USGS/NWIS,Water/Monitoring Well,0.0,14.45,40.751944,-73.953056
81,USGS/NWIS,Water/Monitoring Well,-11.0,27.27,40.76,-73.940556
89,USGS/NWIS,Water/Monitoring Well,-76.0,99.21,40.763333,-73.928333
90,USGS/NWIS,Water/Monitoring Well,-16.0,48.22,40.763333,-73.928333
99,USGS/NWIS,Water/Monitoring Well,-53.0,91.33,40.77,-73.919444
100,USGS/NWIS,Water/Monitoring Well,-45.0,105.53,40.769167,-73.909722
101,USGS/NWIS,Water/Monitoring Well,-13.0,44.59,40.781111,-73.921389
102,USGS/NWIS,Water/Monitoring Well,-59.0,29.8434,40.783889,-73.896389
103,USGS/NWIS,Water/Monitoring Well,-49.0,107.95,40.771389,-73.908056
104,USGS/NWIS,Water/Monitoring Well,-57.0,70.95,40.779722,-73.898333
105,USGS/NWIS,Water/Monitoring Well,-89.0,83.45,40.779444,-73.890278
106,USGS/NWIS,Water/Monitoring Well,-76.0,131.65,40.774722,-73.895
107,USGS/NWIS,Water/Monitoring Well,-66.0,91.63,40.771667,-73.897778
108,USGS/NWIS,Water/Monitoring Well,-101.0,132.44,40.763889,-73.893889
109,USGS/NWIS,Water/Monitoring Well,-176.0,182.0,40.771667,-73.865833
116,USGS/NWIS,Water/Monitoring Well,-89.0,169.8,40.743333,-73.917222
117,USGS/NWIS,Water/Monitoring Well,-145.0,218.83,40.735278,-73.924722
118,USGS/NWIS,Water/Monitoring Well,-102.0,164.66,40.73,-73.925278
119,USGS/NWIS,Water/Monitoring Well,-154.0,251.8,40.7375,-73.918611
120,USGS/NWIS,Water/Monitoring Well,-125.0,225.34,40.735833,-73.9175
121,USGS/NWIS,Water/Monitoring Well,-130.0,228.19,40.735833,-73.915556
122,USGS/NWIS,Water/Monitoring Well,-166.0,221.35,40.745278,-73.9025
123,USGS/NWIS,Water/Monitoring Well,-143.0,208.16,40.7475,-73.893333
124,USGS/NWIS,Water/Monitoring Well,-179.0,243.24,40.745278,-73.885278
126,USGS/NWIS,Water/Monitoring Well,-235.0,279.09,40.745833,-73.869444
127,USGS/NWIS,Water/Monitoring Well,-165.0,241.92,40.731389,-73.918889
128,USGS/NWIS,Water/Monitoring Well,-179.0,283.02,40.733611,-73.919167
129,USGS/NWIS,Water/Monitoring Well,-139.0,176.57,40.730833,-73.914722
130,USGS/NWIS,Water/Monitoring Well,-173.0,187.49,40.723611,-73.920556
131,USGS/NWIS,Water/Monitoring Well,-198.0,213.63,40.722222,-73.916944
132,USGS/NWIS,Water/Monitoring Well,-201.0,243.25,40.72,-73.906667
134,USGS/NWIS,Water/Monitoring Well,-281.0,299.19,40.715,-73.866667
135,USGS/NWIS,Water/Monitoring Well,-293.0,309.89,40.732222,-73.864167
136,USGS/NWIS,Water/Monitoring Well,-521.0,556.78,40.686944,-73.8525
137,USGS/NWIS,Water/Monitoring Well,-573.0,599.31,40.672222,-73.835
139,USGS/NWIS,Water/Monitoring Well,-974.0,979.99,40.580833,-73.834444
141,USGS/NWIS,Water/Monitoring Well,-250.0,267.65,40.75,-73.851667
142,USGS/NWIS,Water/Monitoring Well,-233.0,246.93,40.761389,-73.842222
144,USGS/NWIS,Water/Monitoring Well,-343.0,360.26,40.743889,-73.844167
145,USGS/NWIS,Water/Monitoring Well,-239.0,251.54,40.7675,-73.835556
146,USGS/NWIS,Water/Monitoring Well,-172.0,217.27,40.781389,-73.841667
147,USGS/NWIS,Water/Monitoring Well,-173.0,211.07,40.783611,-73.846944
149,USGS/NWIS,Water/Monitoring Well,-206.0,219.97,40.784444,-73.8275
150,USGS/NWIS,Water/Monitoring Well,-423.0,427.32,40.729722,-73.840278
153,USGS/NWIS,Water/Monitoring Well,-598.0,621.6,40.655,-73.827778
158,USGS/NWIS,Water/Monitoring Well,-745.0,804.11,40.7,-73.734167
159,USGS/NWIS,Water/Monitoring Well,-186.0,197.03,40.7925,-73.796389
161,USGS/NWIS,Water/Monitoring Well,-190.0,210.5,40.7925,-73.808056
164,USGS/NWIS,Water/Monitoring Well,-385.0,431.72,40.746944,-73.796111
166,USGS/NWIS,Water/Monitoring Well,-471.0,690.354,40.768611,-73.718889
167,USGS/NWIS,Water/Monitoring Well,-616.0,744.25,40.758889,-73.7025
170,USGS/NWIS,Water/Monitoring Well,-1455.0,1464.4159,40.584722,-73.670278
171,USGS/NWIS,Water/Monitoring Well,-1442.0,1450.10358,40.584722,-73.672778
172,USGS/NWIS,Water/Monitoring Well,-1459.0,1466.84111,40.588889,-73.638889
199,USGS/NWIS,Water/Monitoring Well,-297.0,302.77421,40.896389,-73.631944
200,USGS/NWIS,Water/Monitoring Well,-337.0,425.516,40.888056,-73.631667
201,USGS/NWIS,Water/Monitoring Well,-461.0,602.206,40.867778,-73.609444
202,USGS/NWIS,Water/Monitoring Well,-405.0,492.827,40.860278,-73.651667
204,USGS/NWIS,Water/Monitoring Well,-501.0,623.99,40.714722,-73.803611
205,USGS/NWIS,Water/Monitoring Well,-506.0,704.587,40.840833,-73.631111
206,USGS/NWIS,Water/Monitoring Well,-502.0,634.61,40.857778,-73.618333
210,USGS/NWIS,Water/Monitoring Well,-358.0,357.50788,40.849167,-73.6725
211,USGS/NWIS,Water/Monitoring Well,-448.0,633.07,40.815278,-73.675833
212,USGS/NWIS,Water/Monitoring Well,-199.0,251.3616,40.861944,-73.726667
229,USGS/NWIS,Water/Monitoring Well,-464.0,668.591,40.801667,-73.686389
234,USGS/NWIS,Water/Monitoring Well,-488.0,569.5935,40.775278,-73.704167
257,USGS/NWIS,Water/Monitoring Well,-588.0,611.75,40.694722,-73.788056
259,USGS/NWIS,Water/Monitoring Well,-163.0,209.62,40.681944,-73.977222
260,USGS/NWIS,Water/Monitoring Well,-281.0,301.96,40.733611,-73.874722
262,USGS/NWIS,Water/Monitoring Well,-106.0,175.47,40.7425,-73.926667
263,USGS/NWIS,Water/Monitoring Well,11.0,3.04,40.756944,-73.944444
21,USGS/NWIS,Water/Monitoring Well,-143.0,161.9,40.701944,-73.963333
2,USGS/NWIS/GeoLog,Water/Monitoring Well,-533.0,545.55,40.604444,-73.931111
11,USGS/NWIS/GeoLog,Water/Monitoring Well,-123.0,135.19,40.719444,-73.950556
133,USGS/NWIS/GeoLog,Water/Monitoring Well,-173.0,202.79,40.727222,-73.903333
138,USGS/NWIS/GeoLog,Water/Monitoring Well,-672.0,677.32,40.649722,-73.8275
152,USGS/NWIS/GeoLog,Water/Monitoring Well,-602.0,634.23,40.681111,-73.803611
154,USGS/NWIS/GeoLog,Water/Monitoring Well,-905.0,910.99,40.659722,-73.763611
156,USGS/NWIS/GeoLog,HVSR Soundings,-1075.0,1083.77,40.613611,-73.760556
157,USGS/NWIS/GeoLog,Water/Monitoring Well,-1199.0,1206.41007,40.588056,-73.748889
168,USGS/NWIS/GeoLog,Water/Monitoring Well,-1146.0,1160.6652,40.645556,-73.690833
173,USGS/NWIS/GeoLog,Water/Monitoring Well,-1414.0,1424.5314,40.628333,-73.605833
177,USGS/NWIS/GeoLog,Water/Monitoring Well,-1316.0,1330.698,40.6575,-73.601389
203,USGS/NWIS/GeoLog,Water/Monitoring Well,-432.0,467.4983,40.850556,-73.650833
208,USGS/NWIS/GeoLog,Water/Monitoring Well,-402.0,437.05,40.619167,-73.971944
209,USGS/NWIS/GeoLog,Water/Monitoring Well,-141.0,164.9498,40.863889,-73.721944
514,USGS/NWIS/GeoLog,Water/Monitoring Well,-1441.0,1449.00515,40.584722,-73.672778
516,USGS/NWIS/GeoLog,Water/Monitoring Well,-1534.0,1541.21776,40.586389,-73.630556
784,USGS/NWIS/GeoLog,Water/Monitoring Well,-1074.0,1084.4,40.613611,-73.760556
368,USGS/NWIS,Water/Monitoring Well,-211.05,343.05,40.543056,-74.198611
369,USGS/NWIS,Water/Monitoring Well,-261.05,275.33,40.5575,-74.1275
370,USGS/NWIS,Water/Monitoring Well,-48.05,57.5,40.5775,-74.1975
394,USGS/NWIS,Water/Monitoring Well,-97.05,110.87,40.571944,-74.143889
484,USGS/NWIS,Water/Monitoring Well,253.95,43.03,40.591667,-74.130556
713,USGS/NWIS,Water/Monitoring Well,-0.05,33.33,40.634722,-74.145556
737,USGS/NWIS,Water/Monitoring Well,14.95,66.17,40.628333,-74.120833
747,USGS/NWIS,Water/Monitoring Well,46.95,74.42,40.628889,-74.116111
748,USGS/NWIS,Water/Monitoring Well,102.95,23.76,40.631111,-74.111389
749,USGS/NWIS,Water/Monitoring Well,37.95,99.45,40.630833,-74.109167
795,USGS/NWIS,Water/Monitoring Well,-36.05,44.61672,40.635278,-74.196389
6825,USGS/NWIS,Water/Monitoring Well,-15.05,34.88,40.739167,-74.0025
8622,USGS/NWIS,Water/Monitoring Well,-54.05,62.5,40.749444,-74.005
11014,USGS/NWIS,Water/Monitoring Well,-26.05,35.49,40.809722,-73.930833
11638,USGS/NWIS,Water/Monitoring Well,-86.05,108.17,40.821667,-73.943056
11688,USGS/NWIS,Water/Monitoring Well,-23.05,38.31,40.831667,-73.938889
12269,USGS/NWIS,Water/Monitoring Well,112.95,24.63,40.839444,-73.944444
12605,USGS/NWIS,Water/Monitoring Well,-20.05,48.53,40.842222,-73.903889
13263,USGS/NWIS,Water/Monitoring Well,-22.05,42.12,40.865278,-73.926667
13836,USGS/NWIS,Water/Monitoring Well,-47.05,74.94,40.872778,-73.911944
13947,USGS/NWIS,Water/Monitoring Well,-205.05,225.33,40.885833,-73.9025
14296,USGS/NWIS,Water/Monitoring Well,38.95,70.61,40.894167,-73.861389
68,USGS/NWIS,Water/Monitoring Well,-162.0,199.67,40.714722,-73.943056
69,USGS/NWIS,Water/Monitoring Well,-179.0,196.54,40.716667,-73.936944
72,USGS/NWIS,Water/Monitoring Well,-112.0,129.41,40.721389,-73.956944
76,USGS/NWIS,Water/Monitoring Well,-49.0,57.75,40.741667,-73.957778
77,USGS/NWIS,Water/Monitoring Well,-38.0,42.2,40.743056,-73.951667
82,USGS/NWIS,Water/Monitoring Well,-73.0,92.57,40.757222,-73.936389
83,USGS/NWIS,Water/Monitoring Well,-67.0,88.69,40.751667,-73.931667
84,USGS/NWIS,Water/Monitoring Well,-85.0,136.57,40.748056,-73.925833
85,USGS/NWIS,Water/Monitoring Well,-70.0,147.68,40.746111,-73.926389
86,USGS/NWIS,Water/Monitoring Well,-68.0,143.22,40.745556,-73.926389
87,USGS/NWIS,Water/Monitoring Well,-82.0,123.53,40.750556,-73.919444
88,USGS/NWIS,Water/Monitoring Well,-29.0,62.33,40.752222,-73.924722
91,USGS/NWIS,Water/Monitoring Well,-61.0,102.93,40.755,-73.9225
92,USGS/NWIS,Water/Monitoring Well,-84.0,134.24,40.758056,-73.92
93,USGS/NWIS,Water/Monitoring Well,-4.0,68.82,40.760833,-73.9175
94,USGS/NWIS,Water/Monitoring Well,-51.0,100.37,40.756111,-73.913056
95,USGS/NWIS,Water/Monitoring Well,-10.0,82.38,40.763611,-73.915278
96,USGS/NWIS,Water/Monitoring Well,-14.0,50.0,40.775556,-73.925
97,USGS/NWIS,Water/Monitoring Well,-13.0,91.53,40.766389,-73.913056
98,USGS/NWIS,Water/Monitoring Well,-43.0,112.38,40.763611,-73.906667
110,USGS/NWIS,Water/Monitoring Well,-169.0,220.7,40.730833,-73.934722
112,USGS/NWIS,Water/Monitoring Well,-119.0,180.32,40.730833,-73.932778
113,USGS/NWIS,Water/Monitoring Well,-86.0,149.23,40.740278,-73.9275
114,USGS/NWIS,Water/Monitoring Well,-64.0,143.87,40.743889,-73.922222
115,USGS/NWIS,Water/Monitoring Well,-65.0,128.78,40.746111,-73.916667
125,USGS/NWIS,Water/Monitoring Well,-218.0,274.94,40.743056,-73.8725
140,USGS/NWIS,Water/Monitoring Well,-201.0,256.13,40.749722,-73.860556
162,USGS/NWIS,Water/Monitoring Well,-375.0,401.68,40.746389,-73.799722
163,USGS/NWIS,Water/Monitoring Well,-377.0,411.99,40.7475,-73.797222
165,USGS/NWIS,Water/Monitoring Well,-399.0,468.88,40.761389,-73.758056
261,USGS/NWIS,Water/Monitoring Well,-588.0,615.6,40.697222,-73.788611
406,USGS/NWIS,Water/Monitoring Well,-451.05,462.03,40.578611,-74.054444
407,USGS/NWIS,Water/Monitoring Well,-866.05,872.02,40.564444,-73.911111
782,USGS/NWIS,Water/Monitoring Well,-163.05,194.31,40.616667,-74.066111
783,USGS/NWIS,Water/Monitoring Well,-295.05,377.84,40.6225,-74.0225
1156,USGS/NWIS,Water/Monitoring Well,-208.05,219.44,40.655556,-74.013333
1160,USGS/NWIS,Water/Monitoring Well,-343.05,385.61,40.665,-73.923056
1349,USGS/NWIS,Water/Monitoring Well,-214.05,328.71,40.677222,-73.9625
6733,USGS,Water/Monitoring Well,-295.05,393.05,40.718889,-73.8825
6734,USGS/NWIS,Water/Monitoring Well,-422.05,499.94,40.706667,-73.858889
6735,USGS,Water/Monitoring Well,-430.05,510.37,40.7075,-73.851667
6736,USGS/NWIS,Water/Monitoring Well,-499.05,600.36,40.709444,-73.830833
6737,USGS/NWIS,Water/Monitoring Well,-441.05,468.45,40.715833,-73.826944
6738,USGS,Water/Monitoring Well,-451.05,529.39,40.7175,-73.820556
8569,USGS/NWIS,Water/Monitoring Well,-77.05,89.44,40.740556,-73.937222
8570,USGS/NWIS,Water/Monitoring Well,-46.05,61.22,40.743056,-73.935556
8571,USGS/NWIS,Water/Monitoring Well,-61.05,75.01,40.74,-73.9375
8572,USGS,Water/Monitoring Well,-30.05,44.02,40.74,-73.936111
8588,USGS,Water/Monitoring Well,-483.05,538.8,40.741389,-73.775556
9937,USGS/NWIS,Water/Monitoring Well,-11.05,42.32,40.745,-73.938333
9938,USGS/NWIS,Water/Monitoring Well,-13.05,43.42,40.745278,-73.933611
9974,USGS/NWIS,Water/Monitoring Well,-505.05,519.81,40.753056,-73.7425
9975,USGS/NWIS,Water/Monitoring Well,-499.05,508.97,40.756944,-73.743611
10376,USGS,Water/Monitoring Well,-160.05,186.75,40.77,-73.875833
10381,USGS,Water/Monitoring Well,-259.05,359.21,40.77,-73.809444
10382,USGS/NWIS,Water/Monitoring Well,-400.05,443.73,40.761389,-73.758056
10383,USGS/NWIS,Water/Monitoring Well,-394.05,437.73,40.761389,-73.758056
10384,USGS,Water/Monitoring Well,-382.05,444.69,40.77,-73.603056
10774,USGS,Water/Monitoring Well,-226.05,284.92,40.781944,-73.803611
14171,USGS/NWIS,Water/Monitoring Well,-445.05,587.863,40.871389,-73.6225
230,USGS/NWIS,Water/Monitoring Well,-541.0,539.98295,40.805833,-73.653889
231,USGS/NWIS,Water/Monitoring Well,-597.0,781.053,40.7875,-73.665278
232,USGS/NWIS,Water/Monitoring Well,-561.0,751.549,40.786944,-73.684722
233,USGS/NWIS,Water/Monitoring Well,-620.0,805.726,40.775278,-73.668611
236,USGS/NWIS,Water/Monitoring Well,-419.0,442.4249,40.780556,-73.735833
237,USGS/NWIS,Water/Monitoring Well,-441.0,555.631,40.785556,-73.725833
238,USGS/NWIS,Water/Monitoring Well,-325.0,340.5777,40.781944,-73.745833
239,USGS/NWIS,Water/Monitoring Well,-446.0,454.6285,40.793056,-73.711667
240,USGS/NWIS,Water/Monitoring Well,-389.0,493.986,40.796111,-73.723611
241,USGS/NWIS,Water/Monitoring Well,-378.0,467.1393,40.794444,-73.733611
242,USGS/NWIS/GeoLog,Water/Monitoring Well,-313.0,320.11915,40.785556,-73.750833
243,USGS/NWIS,Water/Monitoring Well,-310.0,327.4437,40.795278,-73.745556
244,USGS/NWIS,Water/Monitoring Well,-340.0,470.084,40.804167,-73.729167
245,USGS/NWIS,Water/Monitoring Well,-255.0,285.8395,40.812778,-73.736111
246,USGS/NWIS,Water/Monitoring Well,-257.0,278.1284,40.820278,-73.731389
247,USGS/NWIS/GeoLog,Water/Monitoring Well,-203.0,211.61345,40.816667,-73.741389
248,USGS/NWIS,Water/Monitoring Well,-237.0,256.3895,40.826944,-73.738889
249,USGS/NWIS,Water/Monitoring Well,-277.0,306.0608,40.815278,-73.746667
250,USGS/NWIS/GeoLog,Water/Monitoring Well,-225.0,302.9356,40.814722,-73.761944
251,USGS/NWIS,Water/Monitoring Well,-235.0,289.2949,40.811389,-73.759167
252,USGS/NWIS,Water/Monitoring Well,-244.0,284.7217,40.807222,-73.751111
253,USGS/NWIS/GeoLog,Water/Monitoring Well,-264.0,322.8137,40.804722,-73.753333
254,USGS/NWIS/GeoLog,Water/Monitoring Well,-166.0,178.0451,40.825556,-73.741667
255,USGS/NWIS/GeoLog,Water/Monitoring Well,-246.0,266.3299,40.829167,-73.750278
256,USGS/NWIS/GeoLog,Water/Monitoring Well,-243.0,280.2605,40.834167,-73.751389
213,USGS/NWIS/GeoLog,Water/Monitoring Well,-193.0,200.41461,40.855833,-73.7225
214,USGS/NWIS,Water/Monitoring Well,-272.0,341.4545,40.862778,-73.701944
215,USGS/NWIS,Water/Monitoring Well,-173.0,230.8733,40.846667,-73.720556
216,USGS/NWIS,Water/Monitoring Well,-307.0,363.1673,40.843333,-73.69
217,USGS/NWIS,Water/Monitoring Well,-321.0,423.164,40.856944,-73.701944
218,USGS/NWIS,Water/Monitoring Well,-179.0,248.028,40.853056,-73.717222
219,USGS/NWIS,Water/Monitoring Well,-309.0,367.7591,40.856389,-73.678889
220,USGS/NWIS/GeoLog,Water/Monitoring Well,-366.0,381.6166,40.836111,-73.697222
221,USGS/NWIS/GeoLog,Water/Monitoring Well,-327.0,388.4166,40.828611,-73.696389
222,USGS/NWIS/GeoLog,Water/Monitoring Well,-350.0,428.083,40.8225,-73.698333
223,USGS/NWIS,Water/Monitoring Well,-397.0,540.994,40.828889,-73.683333
224,USGS/NWIS,Water/Monitoring Well,-396.0,548.721,40.823611,-73.681667
225,USGS/NWIS/GeoLog,Water/Monitoring Well,-467.0,489.5719,40.828889,-73.657222
226,USGS/NWIS,Water/Monitoring Well,-450.0,575.523,40.810556,-73.678333
227,USGS/NWIS,Water/Monitoring Well,-468.0,583.878,40.809444,-73.676944
228,USGS/NWIS/GeoLog,Water/Monitoring Well,-354.0,369.1573,40.814722,-73.703056
515,USGS/NWIS,Water/Monitoring Well,-1454.955952,1464.798352,40.584722,-73.670278
4822,USGS/NWIS,Water/Monitoring Well,-602.12277,631.44277,40.7,-73.778889
11552,USGS/NWIS/GeoLog,Water/Monitoring Well,-383.937964,391.844694,40.814722,-73.703056
11553,USGS/NWIS,Water/Monitoring Well,-464.37558,669.03158,40.801667,-73.686389
11554,USGS/NWIS,Water/Monitoring Well,-489.933655,606.926655,40.809444,-73.676944
12228,USGS/NWIS/GeoLog,Water/Monitoring Well,-328.770039,389.300839,40.828611,-73.696389
12229,USGS/NWIS,Water/Monitoring Well,-394.55426,533.49626,40.828889,-73.683333
12230,USGS/NWIS/GeoLog,Water/Monitoring Well,-466.351906,498.077206,40.828889,-73.657222
13061,USGS/NWIS,Water/Monitoring Well,-183.34446,235.11546,40.846667,-73.720556
13062,USGS/NWIS,Water/Monitoring Well,-303.359879,354.966879,40.843333,-73.69
13761,USGS/NWIS/GeoLog,Water/Monitoring Well,-193.281631,200.860281,40.855833,-73.7225
13762,USGS/NWIS,Water/Monitoring Well,-322.967651,386.516751,40.856389,-73.678889
