SPDES Permit Number,Outfall Number,CSO Identification Number,Facility Name,Facility Owner Name,Receiving Waterbody Name,Number of Permitted Outfalls,Discharge Activation Type,Number of Overflow Events,Timeframe of Overflow Events Information,Data as of,DEC Region,County,Latitude,Longitude
NY0026191,4,NY0026191-004,NYCDEP - Hunt's Point WPCP,NYC DEP,Bronx River,33,Model,Visit facility website,"Real-time waterbody advisory, visit website",2015,2,Bronx,40.83826,-73.879339
NY0026247,34,NY0026247-034,NYCDEP - North River WPCF,NYC DEP,Hudson River,52,Model,Visit facility website,"Real-time waterbody advisory, visit website",2015,2,New York,40.768585,-74.001342
NY0027073,9,NY0027073-009,NYCDEP - Red Hook WPCP,NYC DEP,East River,32,Model,Visit facility website,"Real-time waterbody advisory, visit website",2015,2,Kings,40.704342,-73.990766
NY0026191,18,NY0026191-018,NYCDEP - Hunt's Point WPCP,NYC DEP,East River,33,Monitoring,Visit facility website,"Real-time waterbody advisory, visit website",2015,2,Bronx,40.811894,-73.824571
NY0026131,66,NY0026131-066,NYCDEP - Wards Island WPCP,NYC DEP,Harlem River,74,Model,Visit facility website,"Real-time waterbody advisory, visit website",2015,2,New York,40.807988,-73.931844
NY0026204,22,NY0026204-022,NYCDEP - Newtown Creek WPCP,NYC DEP,Newtown Creek,79,Model,Visit facility website,"Real-time waterbody advisory, visit website",2015,2,Kings,40.738931,-73.952919
NY0027073,8,NY0027073-008,NYCDEP - Red Hook WPCP,NYC DEP,East River,32,Model,Visit facility website,"Real-time waterbody advisory, visit website",2015,2,Kings,40.704914,-73.989718
NY0026191,28,NY0026191-028,NYCDEP - Hunt's Point WPCP,NYC DEP,Eastchester Bay,33,Model,Visit facility website,"Real-time waterbody advisory, visit website",2015,2,Bronx,40.844128,-73.816645
NY0026204,7,NY0026204-007,NYCDEP - Newtown Creek WPCP,NYC DEP,East River,79,Model,Visit facility website,"Real-time waterbody advisory, visit website",2015,2,Kings,40.720125,-73.9644
NY0026107,2,NY0026107-002,NYCDEP - Port Richmond WPCF,NYC DEP,Kill Van Kull,36,Model,Visit facility website,"Real-time waterbody advisory, visit website",2015,2,Richmond,40.640039,-74.12347
NY0026204,53,NY0026204-053,NYCDEP - Newtown Creek WPCP,NYC DEP,East River,79,Model,Visit facility website,"Real-time waterbody advisory, visit website",2015,2,Kings,40.724423,-73.972098
NY0026131,79,NY0026131-079,NYCDEP - Wards Island WPCP,NYC DEP,Hudson River,74,Model,Visit facility website,"Real-time waterbody advisory, visit website",2015,2,New York,40.914862,-73.910656
NY0026166,24,NY0026166-024,NYCDEP - Owls Head WPCP,NYC DEP,Gowanus Canal,16,Model,Visit facility website,"Real-time waterbody advisory, visit website",2015,2,Kings,40.663642,-74.000325
NY0026107,30,NY0026107-030,NYCDEP - Port Richmond WPCF,NYC DEP,Upper New York Bay,36,Monitoring,Visit facility website,"Real-time waterbody advisory, visit website",2015,2,Richmond,40.617956,-74.065699
NY0026212,2,NY0026212-002,NYCDEP - 26th Ward,NYC DEP,Hendrix Street Canal,4,Model,Visit facility website,"Real-time waterbody advisory, visit website",2015,2,Kings,40.650658,-73.876834
NY0026158,11,NY0026158-011,NYCDEP - Bowery Bay WPCP,NYC DEP,Newtown Creek,44,Model,Visit facility website,"Real-time waterbody advisory, visit website",2015,2,Queens,40.733631,-73.940056
NY0026239,10,NY0026239-010,NYCDEP - Tallmans Island WPCP,NYC DEP,Flushing River,22,Monitoring,Visit facility website,"Real-time waterbody advisory, visit website",2015,2,Queens,40.754541,-73.839325
NY0026204,26,NY0026204-026,NYCDEP - Newtown Creek WPCP,NYC DEP,East River,79,Model,Visit facility website,"Real-time waterbody advisory, visit website",2015,2,Kings,40.733034,-73.962305
NY0026239,16,NY0026239-016,NYCDEP - Tallmans Island WPCP,NYC DEP,Flushing Bay,22,Model,Visit facility website,"Real-time waterbody advisory, visit website",2015,2,Queens,40.781665,-73.849185
NY0027073,1,NY0027073-001,NYCDEP - Red Hook WPCP,NYC DEP,East River,32,Model,Visit facility website,"Real-time waterbody advisory, visit website",2015,2,Kings,40.704222,-73.977271
NY0026166,26,NY0026166-026,NYCDEP - Owls Head WPCP,NYC DEP,Gowanus Canal,16,Model,Visit facility website,"Real-time waterbody advisory, visit website",2015,2,Kings,40.664217,-73.999708
NY0026204,40,NY0026204-040,NYCDEP - Newtown Creek WPCP,NYC DEP,East River,79,Model,Visit facility website,"Real-time waterbody advisory, visit website",2015,2,Kings,40.744442,-73.970944
NY0026158,1,NY0026158-001,NYCDEP - Bowery Bay WPCP,NYC DEP,Bowery Bay,44,Model,Visit facility website,"Real-time waterbody advisory, visit website",2015,2,Queens,40.780914,-73.891883
NY0026204,6,NY0026204-006,NYCDEP - Newtown Creek WPCP,NYC DEP,East River,79,Monitoring,Visit facility website,"Real-time waterbody advisory, visit website",2015,2,Kings,40.725204,-73.962117
NY0026107,27,NY0026107-027,NYCDEP - Port Richmond WPCF,NYC DEP,Newark Bay,36,Model,Visit facility website,"Real-time waterbody advisory, visit website",2015,2,Richmond,40.63796,-74.157916
NY0026239,6,NY0026239-006,NYCDEP - Tallmans Island WPCP,NYC DEP,Little Neck Bay,22,Model,Visit facility website,"Real-time waterbody advisory, visit website",2015,2,Queens,40.782327,-73.770867
NY0026191,20,NY0026191-020,NYCDEP - Hunt's Point WPCP,NYC DEP,East River,33,Model,Visit facility website,"Real-time waterbody advisory, visit website",2015,2,Bronx,40.812894,-73.811059
NY0026247,26,NY0026247-026,NYCDEP - North River WPCF,NYC DEP,Hudson River,52,Model,Visit facility website,"Real-time waterbody advisory, visit website",2015,2,New York,40.752372,-74.009324
NY0026131,41,NY0026131-041,NYCDEP - Wards Island WPCP,NYC DEP,Harlem River,74,Model,Visit facility website,"Real-time waterbody advisory, visit website",2015,2,New York,40.817009,-73.933788
NY0026204,57,NY0026204-057,NYCDEP - Newtown Creek WPCP,NYC DEP,East River,79,Model,Visit facility website,"Real-time waterbody advisory, visit website",2015,2,Kings,40.717281,-73.974047
NY0027073,14,NY0027073-014,NYCDEP - Red Hook WPCP,NYC DEP,East River,32,Model,Visit facility website,"Real-time waterbody advisory, visit website",2015,2,Kings,40.691259,-74.000954
NY0026131,51,NY0026131-051,NYCDEP - Wards Island WPCP,NYC DEP,Harlem River,74,Monitoring,Visit facility website,"Real-time waterbody advisory, visit website",2015,2,New York,40.837179,-73.933912
NY0026204,56,NY0026204-056,NYCDEP - Newtown Creek WPCP,NYC DEP,East River,79,Model,Visit facility website,"Real-time waterbody advisory, visit website",2015,2,Kings,40.718894,-73.97347
NY0026204,35,NY0026204-035,NYCDEP - Newtown Creek WPCP,NYC DEP,East River,79,Model,Visit facility website,"Real-time waterbody advisory, visit website",2015,2,Kings,40.754608,-73.962102
NY0026158,22,NY0026158-022,NYCDEP - Bowery Bay WPCP,NYC DEP,East River,44,Model,Visit facility website,"Real-time waterbody advisory, visit website",2015,2,Queens,40.748041,-73.954832
NY0026204,12,NY0026204-012,NYCDEP - Newtown Creek WPCP,NYC DEP,East River,79,Monitoring,Visit facility website,"Real-time waterbody advisory, visit website",2015,2,Kings,40.712846,-73.968468
NY0026191,39,NY0026191-039,NYCDEP - Hunt's Point WPCP,NYC DEP,EAST RIVER,33,Model,Visit facility website,"Real-time waterbody advisory, visit website",2015,2,Bronx,40.804181,-73.869875
NY0026204,59,NY0026204-059,NYCDEP - Newtown Creek WPCP,NYC DEP,East River,79,Model,Visit facility website,"Real-time waterbody advisory, visit website",2015,2,Kings,40.71252,-73.976113
NY0026131,22,NY0026131-022,NYCDEP - Wards Island WPCP,NYC DEP,East River,74,Model,Visit facility website,"Real-time waterbody advisory, visit website",2015,2,New York,40.787783,-73.937774
NY0026204,83,NY0026204-083,NYCDEP - Newtown Creek WPCP,NYC DEP,New Creek (W),79,Model,Visit facility website,"Real-time waterbody advisory, visit website",2015,2,Kings,40.714117,-73.924272
NY0026204,63,NY0026204-063,NYCDEP - Newtown Creek WPCP,NYC DEP,East River,79,Monitoring,Visit facility website,"Real-time waterbody advisory, visit website",2015,2,Kings,40.709149,-73.98829
NY0026247,24,NY0026247-024,NYCDEP - North River WPCF,NYC DEP,Hudson River,52,Model,Visit facility website,"Real-time waterbody advisory, visit website",2015,2,New York,40.747871,-74.011267
NY0026191,10,NY0026191-010,NYCDEP - Hunt's Point WPCP,NYC DEP,Bronx River,33,Model,Visit facility website,"Real-time waterbody advisory, visit website",2015,2,Bronx,40.813414,-73.869759
NY0026204,52,NY0026204-052,NYCDEP - Newtown Creek WPCP,NYC DEP,East River,79,Monitoring,Visit facility website,"Real-time waterbody advisory, visit website",2015,2,Kings,40.72678,-73.971606
NY0026204,17,NY0026204-017,NYCDEP - Newtown Creek WPCP,NYC DEP,East River,79,Model,Visit facility website,"Real-time waterbody advisory, visit website",2015,2,Kings,40.748024,-73.96782
NY0026131,56,NY0026131-056,NYCDEP - Wards Island WPCP,NYC DEP,Harlem River,74,Monitoring,Visit facility website,"Real-time waterbody advisory, visit website",2015,2,New York,40.87025,-73.909135
NY0026239,4,NY0026239-004,NYCDEP - Tallmans Island WPCP,NYC DEP,East River,22,Model,Visit facility website,"Real-time waterbody advisory, visit website",2015,2,Queens,40.79714,-73.812911
NY0027073,25,NY0027073-025,NYCDEP - Red Hook WPCP,NYC DEP,Atlantic Basin,32,Model,Visit facility website,"Real-time waterbody advisory, visit website",2015,2,Kings,40.680418,-74.013022
NY0026131,73,NY0026131-073,NYCDEP - Wards Island WPCP,NYC DEP,Bronx Kills,74,Model,Visit facility website,"Real-time waterbody advisory, visit website",2015,2,New York,40.801603,-73.921727
NY0026158,35,NY0026158-035,NYCDEP - Bowery Bay WPCP,NYC DEP,East River,44,Model,Visit facility website,"Real-time waterbody advisory, visit website",2015,2,Queens,40.782651,-73.919963
NY0026131,32,NY0026131-032,NYCDEP - Wards Island WPCP,NYC DEP,East River,74,Model,Visit facility website,"Real-time waterbody advisory, visit website",2015,2,New York,40.797657,-73.928991
NY0026204,20,NY0026204-020,NYCDEP - Newtown Creek WPCP,NYC DEP,Newtown Creek,79,Model,Visit facility website,"Real-time waterbody advisory, visit website",2015,2,Kings,40.71853,-73.973597
NY0026204,41,NY0026204-041,NYCDEP - Newtown Creek WPCP,NYC DEP,East River,79,Monitoring,Visit facility website,"Real-time waterbody advisory, visit website",2015,2,Kings,40.742616,-73.971889
NY0026131,7,NY0026131-007,NYCDEP - Wards Island WPCP,NYC DEP,East River,74,Model,Visit facility website,"Real-time waterbody advisory, visit website",2015,2,New York,40.769492,-73.948062
NY0026204,4,NY0026204-004,NYCDEP - Newtown Creek WPCP,NYC DEP,East River,79,Model,Visit facility website,"Real-time waterbody advisory, visit website",2015,2,Kings,40.725871,-73.961665
NY0026204,32,NY0026204-032,NYCDEP - Newtown Creek WPCP,NYC DEP,East River,79,Monitoring,Visit facility website,"Real-time waterbody advisory, visit website",2015,2,Kings,40.75944,-73.957456
NY0026204,66,NY0026204-066,NYCDEP - Newtown Creek WPCP,NYC DEP,East River,79,Model,Visit facility website,"Real-time waterbody advisory, visit website",2015,2,Kings,40.708189,-73.998891
NY0026158,6,NY0026158-006,NYCDEP - Bowery Bay WPCP,NYC DEP,Flushing Bay,44,Model,Visit facility website,"Real-time waterbody advisory, visit website",2015,2,Queens,40.760166,-73.854593
NY0026191,8,NY0026191-008,NYCDEP - Hunt's Point WPCP,NYC DEP,Bronx River,33,Model,Visit facility website,"Real-time waterbody advisory, visit website",2015,2,Bronx,40.818958,-73.881411
NY0026247,13,NY0026247-013,NYCDEP - North River WPCF,NYC DEP,Harlem River,52,Model,Visit facility website,"Real-time waterbody advisory, visit website",2015,2,New York,40.862435,-73.916181
NY0026131,77,NY0026131-077,NYCDEP - Wards Island WPCP,NYC DEP,Harlem River,74,Model,Visit facility website,"Real-time waterbody advisory, visit website",2015,2,New York,40.875672,-73.916069
NY0026165,1,NY0026166-001,NYCDEP - Owls Head WPCP,NYC DEP,Upper New York Bay,16,Model,Visit facility website,"Real-time waterbody advisory, visit website",2015,2,Kings,40.641884,-74.03718
NY0026115,6,NY0026115-006,NYCDEP - Jamaica WPCP,NYC DEP,Bergen Basin,6,Monitoring,Visit facility website,"Real-time waterbody advisory, visit website",2015,2,Queens,40.660485,-73.811241
NY0026247,39,NY0026247-039,NYCDEP - North River WPCF,NYC DEP,Hudson River,52,Model,Visit facility website,"Real-time waterbody advisory, visit website",2015,2,New York,40.793711,-73.979622
NY0026239,17,NY0026239-017,NYCDEP - Tallmans Island WPCP,NYC DEP,Flushing Bay,22,Model,Visit facility website,"Real-time waterbody advisory, visit website",2015,2,Queens,40.783751,-73.858101
NY0026204,24,NY0026204-024,NYCDEP - Newtown Creek WPCP,NYC DEP,Newtown Creek,79,Model,Visit facility website,"Real-time waterbody advisory, visit website",2015,2,Kings,40.735768,-73.961039
NY0026204,46,NY0026204-046,NYCDEP - Newtown Creek WPCP,NYC DEP,East River,79,Model,Visit facility website,"Real-time waterbody advisory, visit website",2015,2,Kings,40.735295,-73.972685
NY0026247,40,NY0026247-040,NYCDEP - North River WPCF,NYC DEP,Hudson River,52,Monitoring,Visit facility website,"Real-time waterbody advisory, visit website",2015,2,New York,40.797027,-73.977286
NY0026182,1,NY0026182-001,NYCDEP - Coney Island WPCP,NYC DEP,ROCKAWAY INLET,4,Monitoring,Visit facility website,"Real-time waterbody advisory, visit website",2015,2,Kings,40.566119,-73.930802
NY0026247,47,NY0026247-047,NYCDEP - North River WPCF,NYC DEP,Hudson River,52,Model,Visit facility website,"Real-time waterbody advisory, visit website",2015,2,New York,40.765092,-73.998509
NY0026204,8,NY0026204-008,NYCDEP - Newtown Creek WPCP,NYC DEP,East River,79,Model,Visit facility website,"Real-time waterbody advisory, visit website",2015,2,Kings,40.718336,-73.966076
NY0026131,23,NY0026131-023,NYCDEP - Wards Island WPCP,NYC DEP,East River,74,Monitoring,Visit facility website,"Real-time waterbody advisory, visit website",2015,2,New York,40.788564,-73.937421
NY0026158,34,NY0026158-034,NYCDEP - Bowery Bay WPCP,NYC DEP,East River,44,Model,Visit facility website,"Real-time waterbody advisory, visit website",2015,2,Queens,40.776954,-73.92824
NY0026204,42,NY0026204-042,NYCDEP - Newtown Creek WPCP,NYC DEP,East River,79,Model,Visit facility website,"Real-time waterbody advisory, visit website",2015,2,Kings,40.713685,-73.975568
NY0026191,19,NY0026191-019,NYCDEP - Hunt's Point WPCP,NYC DEP,East River,33,Monitoring,Visit facility website,"Real-time waterbody advisory, visit website",2015,2,Bronx,40.81374,-73.816936
NY0026204,68,NY0026204-068,NYCDEP - Newtown Creek WPCP,NYC DEP,East River,79,Model,Visit facility website,"Real-time waterbody advisory, visit website",2015,2,Kings,40.701932,-74.009412
NY0026247,37,NY0026247-037,NYCDEP - North River WPCF,NYC DEP,Hudson River,52,Model,Visit facility website,"Real-time waterbody advisory, visit website",2015,2,New York,40.78163,-73.98808
NY0026158,9,NY0026158-009,NYCDEP - Bowery Bay WPCP,NYC DEP,Dutch Kills,44,Model,Visit facility website,"Real-time waterbody advisory, visit website",2015,2,Queens,40.740784,-73.940311
NY0026204,33,NY0026204-033,NYCDEP - Newtown Creek WPCP,NYC DEP,East River,79,Model,Visit facility website,"Real-time waterbody advisory, visit website",2015,2,Kings,40.756956,-73.95986
NY0026247,31,NY0026247-031,NYCDEP - North River WPCF,NYC DEP,Hudson River,52,Model,Visit facility website,"Real-time waterbody advisory, visit website",2015,2,New York,40.763811,-74.001112
NY0026131,24,NY0026131-024,NYCDEP - Wards Island WPCP,NYC DEP,East River,74,Monitoring,Visit facility website,"Real-time waterbody advisory, visit website",2015,2,New York,40.791108,-73.935832
NY0026131,9,NY0026131-009,NYCDEP - Wards Island WPCP,NYC DEP,East River,74,Model,Visit facility website,"Real-time waterbody advisory, visit website",2015,2,New York,40.772426,-73.94504
NY0026131,57,NY0026131-057,NYCDEP - Wards Island WPCP,NYC DEP,Harlem River,74,Monitoring,Visit facility website,"Real-time waterbody advisory, visit website",2015,2,New York,40.86308,-73.912536
NY0026204,51,NY0026204-051,NYCDEP - Newtown Creek WPCP,NYC DEP,East River,79,Model,Visit facility website,"Real-time waterbody advisory, visit website",2015,2,Kings,40.702907,-74.007669
NY0026204,30,NY0026204-030,NYCDEP - Newtown Creek WPCP,NYC DEP,East River,79,Model,Visit facility website,"Real-time waterbody advisory, visit website",2015,2,Kings,40.765146,-73.951784
NY0026158,41,NY0026158-041,NYCDEP - Bowery Bay WPCP,NYC DEP,Rikers Island Channel,44,Model,Visit facility website,"Real-time waterbody advisory, visit website",2015,2,Queens,40.780266,-73.90226
NY0026158,7,NY0026158-007,NYCDEP - Bowery Bay WPCP,NYC DEP,Flushing Bay,44,Model,Visit facility website,"Real-time waterbody advisory, visit website",2015,2,Queens,40.765985,-73.862182
NY0026107,8,NY0026107-008,NYCDEP - Port Richmond WPCF,NYC DEP,Kill Van Kull,36,Model,Visit facility website,"Real-time waterbody advisory, visit website",2015,2,Richmond,40.646004,-74.093068
NY0026191,11,NY0026191-011,NYCDEP - Hunt's Point WPCP,NYC DEP,East River,33,Monitoring,Visit facility website,"Real-time waterbody advisory, visit website",2015,2,Bronx,40.80448,-73.854165
NY0026204,2,NY0026204-002,NYCDEP - Newtown Creek WPCP,NYC DEP,Wahle Creek,79,Model,Visit facility website,"Real-time waterbody advisory, visit website",2015,2,Kings,40.734433,-73.946695
NY0026247,51,NY0026247-051,NYCDEP - North River WPCF,NYC DEP,Hudson River,52,Model,Visit facility website,"Real-time waterbody advisory, visit website",2015,2,New York,40.766393,-73.997713
NY0026166,18,NY0026166-018,NYCDEP - Owls Head WPCP,NYC DEP,Upper New York Bay,16,Monitoring,Visit facility website,"Real-time waterbody advisory, visit website",2015,2,Kings,40.631726,-74.040443
NY0026158,42,NY0026158-042,NYCDEP - Bowery Bay WPCP,NYC DEP,Dutch Kills,44,Model,Visit facility website,"Real-time waterbody advisory, visit website",2015,2,Queens,40.738948,-73.943128
NY0026131,5,NY0026131-005,NYCDEP - Wards Island WPCP,NYC DEP,East River,74,Model,Visit facility website,"Real-time waterbody advisory, visit website",2015,2,New York,40.768263,-73.949101
NY0026247,19,NY0026247-019,NYCDEP - North River WPCF,NYC DEP,Hudson River,52,Model,Visit facility website,"Real-time waterbody advisory, visit website",2015,2,New York,40.736258,-74.010616
NY0026191,15,NY0026191-015,NYCDEP - Hunt's Point WPCP,NYC DEP,Westchester Creek,33,Model,Visit facility website,"Real-time waterbody advisory, visit website",2015,2,Bronx,40.837294,-73.839303
NY0026166,3,NY0026166-003,NYCDEP - Owls Head WPCP,NYC DEP,Upper New York Bay,16,Monitoring,Visit facility website,"Real-time waterbody advisory, visit website",2015,2,Kings,40.652732,-74.021251
NY0026158,2,NY0026158-002,NYCDEP - Bowery Bay WPCP,NYC DEP,Rikers Island Channel,44,Model,Visit facility website,"Real-time waterbody advisory, visit website",2015,2,Queens,40.779511,-73.892491
NY0026107,37,NY0026107-037,NYCDEP - Port Richmond WPCF,NYC DEP,Kill Van Kull,36,Model,Visit facility website,"Real-time waterbody advisory, visit website",2015,2,Richmond,40.641029,-74.131086
NY0026221,16,NY0026221-016,NYCDEP - Rockaway WWTP,NYC DEP,Jamaica Bay,10,Model,Visit facility website,"Real-time waterbody advisory, visit website",2015,2,Queens,40.607128,-73.770034
NY0026204,19,NY0026204-019,NYCDEP - Newtown Creek WPCP,NYC DEP,East River,79,Model,Visit facility website,"Real-time waterbody advisory, visit website",2015,2,Kings,40.714098,-73.923912
NY0026182,2,NY0026182-002,NYCDEP - Coney Island WPCP,NYC DEP,Rockaway Inlet,4,Monitoring,Visit facility website,"Real-time waterbody advisory, visit website",2015,2,Kings,40.566089,-73.930763
NY0026204,43,NY0026204-043,NYCDEP - Newtown Creek WPCP,NYC DEP,East River,79,Model,Visit facility website,"Real-time waterbody advisory, visit website",2015,2,Kings,40.740053,-73.972443
NY0026131,62,NY0026131-062,NYCDEP - Wards Island WPCP,NYC DEP,Harlem River,74,Monitoring,Visit facility website,"Real-time waterbody advisory, visit website",2015,2,New York,40.828339,-73.933153
NY0026107,21,NY0026107-021,NYCDEP - Port Richmond WPCF,NYC DEP,Upper New York Bay,36,Model,Visit facility website,"Real-time waterbody advisory, visit website",2015,2,Richmond,40.615752,-74.062906
NY0026115,3,NY0026115-003,NYCDEP - Jamaica WPCP,NYC DEP,Bergen Basin,6,Monitoring,Visit facility website,"Real-time waterbody advisory, visit website",2015,2,Queens,40.662121,-73.818644
NY0026158,40,NY0026158-040,NYCDEP - Bowery Bay WPCP,NYC DEP,Dutch Kills,44,Model,Visit facility website,"Real-time waterbody advisory, visit website",2015,2,Queens,40.740937,-73.940817
NY0026107,31,NY0026107-031,NYCDEP - Port Richmond WPCF,NYC DEP,Upper New York Bay,36,Model,Visit facility website,"Real-time waterbody advisory, visit website",2015,2,Richmond,40.626968,-74.072696
NY0026212,5,NY0026212-005,NYCDEP - 26th Ward,NYC DEP,Spring Creek,4,Monitoring,Visit facility website,"Real-time waterbody advisory, visit website",2015,2,Kings,40.657796,-73.862326
NY0027073,36,NY0027073-036,NYCDEP - Red Hook WPCP,NYC DEP,Gowanus Canal,32,Model,Visit facility website,"Real-time waterbody advisory, visit website",2015,2,Kings,40.678766,-73.988608
NY0026158,54,NY0026158-054,NYCDEP - Bowery Bay WPCP,NYC DEP,East River - East Channel,44,Model,Visit facility website,"Real-time waterbody advisory, visit website",2015,2,Queens,40.768766,-73.942189
NY0026204,88,NY0026204-088,NYCDEP - Newtown Creek WPCP,NYC DEP,Newtown Creek (E),79,Model,Visit facility website,"Real-time waterbody advisory, visit website",2015,2,Kings,40.720134,-73.923886
NY0027073,34,NY0027073-034,NYCDEP - Red Hook WPCP,NYC DEP,Gowanus Canal,32,Model,Visit facility website,"Real-time waterbody advisory, visit website",2015,2,Kings,40.681694,-73.986846
NY0026247,49,NY0026247-049,NYCDEP - North River WPCF,NYC DEP,Hudson River,52,Model,Visit facility website,"Real-time waterbody advisory, visit website",2015,2,New York,40.742535,-74.009247
NY0026131,52,NY0026131-052,NYCDEP - Wards Island WPCP,NYC DEP,Harlem River,74,Monitoring,Visit facility website,"Real-time waterbody advisory, visit website",2015,2,New York,40.84326,-73.930618
NY0026204,34,NY0026204-034,NYCDEP - Newtown Creek WPCP,NYC DEP,East River,79,Model,Visit facility website,"Real-time waterbody advisory, visit website",2015,2,Kings,40.75517,-73.961606
NY0027073,21,NY0027073-021,NYCDEP - Red Hook WPCP,NYC DEP,Buttermilk Channel,32,Model,Visit facility website,"Real-time waterbody advisory, visit website",2015,2,Kings,40.686985,-74.007607
NY0026158,26,NY0026158-026,NYCDEP - Bowery Bay WPCP,NYC DEP,Dutch Kills,44,Model,Visit facility website,"Real-time waterbody advisory, visit website",2015,2,Queens,40.743067,-73.939278
NY0026131,50,NY0026131-050,NYCDEP - Wards Island WPCP,NYC DEP,Harlem River,74,Model,Visit facility website,"Real-time waterbody advisory, visit website",2015,2,New York,40.82885,-73.934538
NY0026247,6,NY0026247-006,NYCDEP - North River WPCF,NYC DEP,Hudson River,52,Model,Visit facility website,"Real-time waterbody advisory, visit website",2015,2,New York,40.869258,-73.932259
NY0026115,003A,NY0026115-003A,NYCDEP - Jamaica WPCP,NYC DEP,Bergen Basin,6,Monitoring,Visit facility website,"Real-time waterbody advisory, visit website",2015,2,Queens,40.662104,-73.818507
NY0026115,7,NY0026115-007,NYCDEP - Jamaica WPCP,NYC DEP,Bergen Basin,6,Monitoring,Visit facility website,"Real-time waterbody advisory, visit website",2015,2,Queens,40.647874,-73.754635
NY0026158,56,NY0026158-056,NYCDEP - Bowery Bay WPCP,NYC DEP,East River - East Channel,44,Model,Visit facility website,"Real-time waterbody advisory, visit website",2015,2,Queens,40.752779,-73.957157
NY0026239,25,NY0026239-025,NYCDEP - Tallmans Island WPCP,NYC DEP,Alley Creek,22,Model,Visit facility website,"Real-time waterbody advisory, visit website",2015,2,Queens,40.764147,-73.752829
NY0026204,61,NY0026204-061,NYCDEP - Newtown Creek WPCP,NYC DEP,East River,79,Model,Visit facility website,"Real-time waterbody advisory, visit website",2015,2,Kings,40.710279,-73.980452
NY0026131,55,NY0026131-055,NYCDEP - Wards Island WPCP,NYC DEP,Hudson River,74,Model,Visit facility website,"Real-time waterbody advisory, visit website",2015,2,New York,40.888493,-73.920024
NY0026239,22,NY0026239-022,NYCDEP - Tallmans Island WPCP,NYC DEP,Flushing River,22,Monitoring,Visit facility website,"Real-time waterbody advisory, visit website",2015,2,Queens,40.756004,-73.838548
NY0026247,3,NY0026247-003,NYCDEP - North River WPCF,NYC DEP,Hudson River,52,Model,Visit facility website,"Real-time waterbody advisory, visit website",2015,2,New York,40.836736,-73.949308
NY0026247,41,NY0026247-041,NYCDEP - North River WPCF,NYC DEP,Hudson River,52,Model,Visit facility website,"Real-time waterbody advisory, visit website",2015,2,New York,40.804768,-73.971967
NY0026182,4,NY0026182-004,NYCDEP - Coney Island WPCP,NYC DEP,Paerdegat Basin,4,Monitoring,Visit facility website,"Real-time waterbody advisory, visit website",2015,2,Kings,40.631578,-73.917471
NY0026247,27,NY0026247-027,NYCDEP - North River WPCF,NYC DEP,Hudson River,52,Monitoring,Visit facility website,"Real-time waterbody advisory, visit website",2015,2,New York,40.754742,-74.007278
NY0026131,67,NY0026131-067,NYCDEP - Wards Island WPCP,NYC DEP,Harlem River,74,Model,Visit facility website,"Real-time waterbody advisory, visit website",2015,2,New York,40.806531,-73.930418
NY0026174,001A,NY0026174-001A,NYCDEP - Oakwood Beach WPCP,NYC DEP,Lower Bay,1,Model,Visit facility website,"Real-time waterbody advisory, visit website",2015,2,Richmond,40.549286,-74.114687
NY0026204,28,NY0026204-028,NYCDEP - Newtown Creek WPCP,NYC DEP,East River,79,Model,Visit facility website,"Real-time waterbody advisory, visit website",2015,2,Kings,40.714885,-73.975015
NY0026204,45,NY0026204-045,NYCDEP - Newtown Creek WPCP,NYC DEP,East River,79,Monitoring,Visit facility website,"Real-time waterbody advisory, visit website",2015,2,Kings,40.73754,-73.973985
NY0026131,18,NY0026131-018,NYCDEP - Wards Island WPCP,NYC DEP,East River,74,Model,Visit facility website,"Real-time waterbody advisory, visit website",2015,2,New York,40.784902,-73.940491
NY0026107,7,NY0026107-007,NYCDEP - Port Richmond WPCF,NYC DEP,Kill Van Kull,36,Model,Visit facility website,"Real-time waterbody advisory, visit website",2015,2,Richmond,40.645491,-74.102072
NY0026107,34,NY0026107-034,NYCDEP - Port Richmond WPCF,NYC DEP,Kill Van Kull,36,Model,Visit facility website,"Real-time waterbody advisory, visit website",2015,2,Richmond,40.643204,-74.11402
NY0026158,8,NY0026158-008,NYCDEP - Bowery Bay WPCP,NYC DEP,Flushing Bay,44,Model,Visit facility website,"Real-time waterbody advisory, visit website",2015,2,Queens,40.762469,-73.859005
NY0026239,5,NY0026239-005,NYCDEP - Tallmans Island WPCP,NYC DEP,East River,22,Model,Visit facility website,"Real-time waterbody advisory, visit website",2015,2,Queens,40.796438,-73.806567
NY0026247,32,NY0026247-032,NYCDEP - North River WPCF,NYC DEP,Hudson River,52,Model,Visit facility website,"Real-time waterbody advisory, visit website",2015,2,New York,40.765789,-74.002124
NY0026239,23,NY0026239-023,NYCDEP - Tallmans Island WPCP,NYC DEP,Little Bay (S),22,Monitoring,Visit facility website,"Real-time waterbody advisory, visit website",2015,2,Queens,40.789144,-73.793536
NY0026158,16,NY0026158-016,NYCDEP - Bowery Bay WPCP,NYC DEP,East River,44,Model,Visit facility website,"Real-time waterbody advisory, visit website",2015,2,Queens,40.743158,-73.96089
NY0026204,82,NY0026204-082,NYCDEP - Newtown Creek WPCP,NYC DEP,East River (E),79,Model,Visit facility website,"Real-time waterbody advisory, visit website",2015,2,Kings,40.710164,-73.969607
NY0026204,44,NY0026204-044,NYCDEP - Newtown Creek WPCP,NYC DEP,East River,79,Model,Visit facility website,"Real-time waterbody advisory, visit website",2015,2,Kings,40.739348,-73.972669
NY0026247,7,NY0026247-007,NYCDEP - North River WPCF,NYC DEP,Harlem River,52,Model,Visit facility website,"Real-time waterbody advisory, visit website",2015,2,New York,40.874798,-73.919155
NY0026166,2,NY0026166-002,NYCDEP - Owls Head WPCP,NYC DEP,Upper New York Bay,16,Monitoring,Visit facility website,"Real-time waterbody advisory, visit website",2015,2,Kings,40.644815,-74.03112
NY0026131,54,NY0026131-054,NYCDEP - Wards Island WPCP,NYC DEP,Hudson River,74,Model,Visit facility website,"Real-time waterbody advisory, visit website",2015,2,New York,40.897462,-73.916723
NY0026239,1,NY0026239-001,NYCDEP - Tallmans Island WPCP,NYC DEP,East River (S),22,Model,Visit facility website,"Real-time waterbody advisory, visit website",2015,2,Queens,40.797684,-73.840368
NY0026107,9,NY0026107-009,NYCDEP - Port Richmond WPCF,NYC DEP,Kill Van Kull,36,Model,Visit facility website,"Real-time waterbody advisory, visit website",2015,2,Richmond,40.647321,-74.089374
NY0026191,34,NY0026191-034,NYCDEP - Hunt's Point WPCP,NYC DEP,Westchester Creek,33,Model,Visit facility website,"Real-time waterbody advisory, visit website",2015,2,Bronx,40.834936,-73.839619
NY0026131,58,NY0026131-058,NYCDEP - Wards Island WPCP,NYC DEP,Harlem River,74,Model,Visit facility website,"Real-time waterbody advisory, visit website",2015,2,New York,40.855805,-73.920327
NY0026131,13,NY0026131-013,NYCDEP - Wards Island WPCP,NYC DEP,East River,74,Model,Visit facility website,"Real-time waterbody advisory, visit website",2015,2,New York,40.777674,-73.942547
NY0026107,5,NY0026107-005,NYCDEP - Port Richmond WPCF,NYC DEP,Kill Van Kull,36,Model,Visit facility website,"Real-time waterbody advisory, visit website",2015,2,Richmond,40.645504,-74.106785
NY0026166,17,NY0026166-017,NYCDEP - Owls Head WPCP,NYC DEP,Upper New York Bay,16,Monitoring,Visit facility website,"Real-time waterbody advisory, visit website",2015,2,Kings,40.620603,-74.041683
NY0026166,15,NY0026166-015,NYCDEP - Owls Head WPCP,NYC DEP,Gravesend Bay,16,Monitoring,Visit facility website,"Real-time waterbody advisory, visit website",2015,2,Kings,40.601391,-74.012373
NY0026131,12,NY0026131-012,NYCDEP - Wards Island WPCP,NYC DEP,East River,74,Model,Visit facility website,"Real-time waterbody advisory, visit website",2015,2,New York,40.776365,-73.941981
NY0026247,43,NY0026247-043,NYCDEP - North River WPCF,NYC DEP,HudsonRiver,52,Monitoring,Visit facility website,"Real-time waterbody advisory, visit website",2015,2,New York,40.818075,-73.962032
NY0026204,39,NY0026204-039,NYCDEP - Newtown Creek WPCP,NYC DEP,East River,79,Model,Visit facility website,"Real-time waterbody advisory, visit website",2015,2,Kings,40.744955,-73.970373
NY0026131,1,NY0026131-001,NYCDEP - Wards Island WPCP,NYC DEP,East River,74,Model,Visit facility website,"Real-time waterbody advisory, visit website",2015,2,New York,40.786525,-73.920712
NY0026131,17,NY0026131-017,NYCDEP - Wards Island WPCP,NYC DEP,East River,74,Model,Visit facility website,"Real-time waterbody advisory, visit website",2015,2,New York,40.782584,-73.943387
NY0026107,14,NY0026107-014,NYCDEP - Port Richmond WPCF,NYC DEP,Upper New York Bay,36,Model,Visit facility website,"Real-time waterbody advisory, visit website",2015,2,Richmond,40.630713,-74.073062
NY0026204,48,NY0026204-048,NYCDEP - Newtown Creek WPCP,NYC DEP,East River,79,Model,Visit facility website,"Real-time waterbody advisory, visit website",2015,2,Kings,40.733067,-73.9736
NY0026191,7,NY0026191-007,NYCDEP - Hunt's Point WPCP,NYC DEP,Bronx River,33,Model,Visit facility website,"Real-time waterbody advisory, visit website",2015,2,Bronx,40.83899,-73.87864
NY0026247,23,NY0026247-023,NYCDEP - North River WPCF,NYC DEP,Hudson River,52,Monitoring,Visit facility website,"Real-time waterbody advisory, visit website",2015,2,New York,40.745849,-74.011499
NY0026158,17,NY0026158-017,NYCDEP - Bowery Bay WPCP,NYC DEP,East River,44,Model,Visit facility website,"Real-time waterbody advisory, visit website",2015,2,Queens,40.7438,-73.959689
NY0026107,17,NY0026107-017,NYCDEP - Port Richmond WPCF,NYC DEP,Upper New York Bay,36,Model,Visit facility website,"Real-time waterbody advisory, visit website",2015,2,Richmond,40.622499,-74.070628
NY0026212,1,NY0026212-001,NYCDEP - 26th Ward,NYC DEP,Hendrix Canal,4,Model,Visit facility website,"Real-time waterbody advisory, visit website",2015,2,Kings,40.65072,-73.87688
NY0026204,64,NY0026204-064,NYCDEP - Newtown Creek WPCP,NYC DEP,East River,79,Model,Visit facility website,"Real-time waterbody advisory, visit website",2015,2,Kings,40.709233,-73.993875
NY0026247,35,NY0026247-035,NYCDEP - North River WPCF,NYC DEP,Hudson River,52,Model,Visit facility website,"Real-time waterbody advisory, visit website",2015,2,New York,40.77111,-73.995319
NY0026131,38,NY0026131-038,NYCDEP - Wards Island WPCP,NYC DEP,Harlem River,74,Monitoring,Visit facility website,"Real-time waterbody advisory, visit website",2015,2,New York,40.811293,-73.93421
NY0026131,39,NY0026131-039,NYCDEP - Wards Island WPCP,NYC DEP,Harlem River,74,Model,Visit facility website,"Real-time waterbody advisory, visit website",2015,2,New York,40.815715,-73.933826
NY0026158,55,NY0026158-055,NYCDEP - Bowery Bay WPCP,NYC DEP,East River - East Channel,44,Model,Visit facility website,"Real-time waterbody advisory, visit website",2015,2,Queens,40.765728,-73.944952
NY0026204,62,NY0026204-062,NYCDEP - Newtown Creek WPCP,NYC DEP,East River,79,Model,Visit facility website,"Real-time waterbody advisory, visit website",2015,2,Kings,40.709434,-73.982954
NY0026107,19,NY0026107-019,NYCDEP - Port Richmond WPCF,NYC DEP,Upper New York Bay,36,Monitoring,Visit facility website,"Real-time waterbody advisory, visit website",2015,2,Richmond,40.619366,-74.067102
NY0026239,18,NY0026239-018,NYCDEP - Tallmans Island WPCP,NYC DEP,Flushing Bay,22,Model,Visit facility website,"Real-time waterbody advisory, visit website",2015,2,Queens,40.785541,-73.858958
NY0026158,4,NY0026158-004,NYCDEP - Bowery Bay WPCP,NYC DEP,Dutch Kills,44,Monitoring,Visit facility website,"Real-time waterbody advisory, visit website",2015,2,Queens,40.739096,-73.942061
NY0026204,5,NY0026204-005,NYCDEP - Newtown Creek WPCP,NYC DEP,East River,79,Model,Visit facility website,"Real-time waterbody advisory, visit website",2015,2,Kings,40.76102,-73.955714
NY0026221,3,NY0026221-003,NYCDEP - Rockaway WWTP,NYC DEP,Jamaica Bay,10,Model,Visit facility website,"Real-time waterbody advisory, visit website",2015,2,Queens,40.58475,-73.828903
NY0026204,13,NY0026204-013,NYCDEP - Newtown Creek WPCP,NYC DEP,East River,79,Monitoring,Visit facility website,"Real-time waterbody advisory, visit website",2015,2,Kings,40.707094,-73.969315
NY0026131,76,NY0026131-076,NYCDEP - Wards Island WPCP,NYC DEP,Harlem River,74,Model,Visit facility website,"Real-time waterbody advisory, visit website",2015,2,New York,40.878621,-73.922483
NY0026158,27,NY0026158-027,NYCDEP - Bowery Bay WPCP,NYC DEP,East River,44,Model,Visit facility website,"Real-time waterbody advisory, visit website",2015,2,Queens,40.759045,-73.947763
NY0026158,14,NY0026158-014,NYCDEP - Bowery Bay WPCP,NYC DEP,Newtown Creek,44,Model,Visit facility website,"Real-time waterbody advisory, visit website",2015,2,Queens,40.739793,-73.954983
NY0026107,25,NY0026107-025,NYCDEP - Port Richmond WPCF,NYC DEP,Newark Bay,36,Model,Visit facility website,"Real-time waterbody advisory, visit website",2015,2,Richmond,40.641222,-74.165782
NY0026131,59,NY0026131-059,NYCDEP - Wards Island WPCP,NYC DEP,Harlem River,74,Model,Visit facility website,"Real-time waterbody advisory, visit website",2015,2,New York,40.850635,-73.924224
NY0026247,14,NY0026247-014,NYCDEP - North River WPCF,NYC DEP,Harlem River,52,Model,Visit facility website,"Real-time waterbody advisory, visit website",2015,2,New York,40.861941,-73.916938
NY0026204,27,NY0026204-027,NYCDEP - Newtown Creek WPCP,NYC DEP,East River,79,Model,Visit facility website,"Real-time waterbody advisory, visit website",2015,2,Kings,40.732308,-73.962099
NY0026131,36,NY0026131-036,NYCDEP - Wards Island WPCP,NYC DEP,Harlem River,74,Model,Visit facility website,"Real-time waterbody advisory, visit website",2015,2,New York,40.805535,-73.931659
NY0026131,4,NY0026131-004,NYCDEP - Wards Island WPCP,NYC DEP,East River,74,Model,Visit facility website,"Real-time waterbody advisory, visit website",2015,2,New York,40.767643,-73.949569
NY0026204,21,NY0026204-021,NYCDEP - Newtown Creek WPCP,NYC DEP,East River,79,Model,Visit facility website,"Real-time waterbody advisory, visit website",2015,2,Kings,40.738881,-73.952671
NY0026191,2,NY0026191-002,NYCDEP - Hunt's Point WPCP,NYC DEP,East River,33,Monitoring,Visit facility website,"Real-time waterbody advisory, visit website",2015,2,Bronx,40.805224,-73.889828
NY0027073,3,NY0027073-003,NYCDEP - Red Hook WPCP,NYC DEP,East River,32,Model,Visit facility website,"Real-time waterbody advisory, visit website",2015,2,Kings,40.705788,-73.981136
NY0026204,75,NY0026204-075,NYCDEP - Newtown Creek WPCP,NYC DEP,Hudson River,79,Monitoring,Visit facility website,"Real-time waterbody advisory, visit website",2015,2,Kings,40.724824,-74.01188
NY0026131,48,NY0026131-048,NYCDEP - Wards Island WPCP,NYC DEP,Harlem River,74,Model,Visit facility website,"Real-time waterbody advisory, visit website",2015,2,New York,40.828212,-73.934596
NY0026131,10,NY0026131-010,NYCDEP - Wards Island WPCP,NYC DEP,East River,74,Model,Visit facility website,"Real-time waterbody advisory, visit website",2015,2,New York,40.773045,-73.944405
NY0026204,60,NY0026204-060,NYCDEP - Newtown Creek WPCP,NYC DEP,East River,79,Model,Visit facility website,"Real-time waterbody advisory, visit website",2015,2,Kings,40.710526,-73.978123
NY0026221,17,NY0026221-017,NYCDEP - Rockaway WWTP,NYC DEP,Jamaica Bay,10,Model,Visit facility website,"Real-time waterbody advisory, visit website",2015,2,Queens,40.597375,-73.738578
NY0026107,3,NY0026107-003,NYCDEP - Port Richmond WPCF,NYC DEP,Kill Van Kull,36,Model,Visit facility website,"Real-time waterbody advisory, visit website",2015,2,Richmond,40.641517,-74.118397
NY0026204,58,NY0026204-058,NYCDEP - Newtown Creek WPCP,NYC DEP,East River,79,Model,Visit facility website,"Real-time waterbody advisory, visit website",2015,2,Kings,40.715925,-73.974537
NY0026131,6,NY0026131-006,NYCDEP - Wards Island WPCP,NYC DEP,East River,74,Model,Visit facility website,"Real-time waterbody advisory, visit website",2015,2,New York,40.768932,-73.94865
NY0026158,21,NY0026158-021,NYCDEP - Bowery Bay WPCP,NYC DEP,East River,44,Model,Visit facility website,"Real-time waterbody advisory, visit website",2015,2,Queens,40.746576,-73.958752
NY0026204,71,NY0026204-071,NYCDEP - Newtown Creek WPCP,NYC DEP,Hudson River,79,Model,Visit facility website,"Real-time waterbody advisory, visit website",2015,2,Kings,40.709666,-74.018453
NY0026247,20,NY0026247-020,NYCDEP - North River WPCF,NYC DEP,Hudson River,52,Model,Visit facility website,"Real-time waterbody advisory, visit website",2015,2,New York,40.738236,-74.011078
NY0026221,13,NY0026221-013,NYCDEP - Rockaway WWTP,NYC DEP,Jamaica Bay,10,Model,Visit facility website,"Real-time waterbody advisory, visit website",2015,2,Queens,40.588526,-73.818172
NY0026131,30,NY0026131-030,NYCDEP - Wards Island WPCP,NYC DEP,East River,74,Model,Visit facility website,"Real-time waterbody advisory, visit website",2015,2,New York,40.795985,-73.929224
NY0026131,35,NY0026131-035,NYCDEP - Wards Island WPCP,NYC DEP,East River,74,Model,Visit facility website,"Real-time waterbody advisory, visit website",2015,2,New York,40.801054,-73.929038
NY0027073,33,NY0027073-033,NYCDEP - Red Hook WPCP,NYC DEP,Gowanus Canal,32,Model,Visit facility website,"Real-time waterbody advisory, visit website",2015,2,Kings,40.681317,-73.986912
NY0026158,13,NY0026158-013,NYCDEP - Bowery Bay WPCP,NYC DEP,Newtown Creek,44,Model,Visit facility website,"Real-time waterbody advisory, visit website",2015,2,Queens,40.73962,-73.952754
NY0026158,12,NY0026158-012,NYCDEP - Bowery Bay WPCP,NYC DEP,Newtown Creek,44,Model,Visit facility website,"Real-time waterbody advisory, visit website",2015,2,Queens,40.734314,-73.940398
NY0026247,8,NY0026247-008,NYCDEP - North River WPCF,NYC DEP,Harlem River,52,Model,Visit facility website,"Real-time waterbody advisory, visit website",2015,2,New York,40.868793,-73.911323
NY0026131,42,NY0026131-042,NYCDEP - Wards Island WPCP,NYC DEP,Harlem River,74,Model,Visit facility website,"Real-time waterbody advisory, visit website",2015,2,New York,40.81783,-73.933789
NY0026247,28,NY0026247-028,NYCDEP - North River WPCF,NYC DEP,Hudson River,52,Model,Visit facility website,"Real-time waterbody advisory, visit website",2015,2,New York,40.75951,-74.006784
NY0026158,33,NY0026158-033,NYCDEP - Bowery Bay WPCP,NYC DEP,East River,44,Model,Visit facility website,"Real-time waterbody advisory, visit website",2015,2,Queens,40.775879,-73.937075
NY0026221,31,NY0026221-031,NYCDEP - Rockaway WWTP,NYC DEP,Mott Basin,10,Model,Visit facility website,"Real-time waterbody advisory, visit website",2015,2,Queens,40.610375,-73.755786
NY0026247,48,NY0026247-048,NYCDEP - North River WPCF,NYC DEP,Hudson River,52,Model,Visit facility website,"Real-time waterbody advisory, visit website",2015,2,New York,40.762219,-74.001839
NY0026166,6,NY0026166-006,NYCDEP - Owls Head WPCP,NYC DEP,Gowanus Canal,16,Model,Visit facility website,"Real-time waterbody advisory, visit website",2015,2,Kings,40.667487,-74.000313
NY0026191,26,NY0026191-026,NYCDEP - Hunt's Point WPCP,NYC DEP,East River,33,Monitoring,Visit facility website,"Real-time waterbody advisory, visit website",2015,2,Bronx,40.824069,-73.813915
NY0026191,36,NY0026191-036,NYCDEP - Hunt's Point WPCP,NYC DEP,Long Island Sound,33,Model,Visit facility website,"Real-time waterbody advisory, visit website",2015,2,Bronx,40.845723,-73.782604
NY0026174,1,NY0026174-001,NYCDEP - Oakwood Beach WPCP,NYC DEP,Lower Bay,1,Model,Visit facility website,"Real-time waterbody advisory, visit website",2015,2,Richmond,40.547506,-74.112502
NY0026107,023B,NY0026107-023B,NYCDEP - Port Richmond WPCF,NYC DEP,Upper New York Bay,36,Model,Visit facility website,"Real-time waterbody advisory, visit website",2015,2,Richmond,40.611932,-74.060018
NY0026131,16,NY0026131-016,NYCDEP - Wards Island WPCP,NYC DEP,East River,74,Model,Visit facility website,"Real-time waterbody advisory, visit website",2015,2,New York,40.782025,-73.943803
NY0026107,20,NY0026107-020,NYCDEP - Port Richmond WPCF,NYC DEP,Upper New York Bay,36,Model,Visit facility website,"Real-time waterbody advisory, visit website",2015,2,Richmond,40.617239,-74.064707
NY0026131,40,NY0026131-040,NYCDEP - Wards Island WPCP,NYC DEP,Harlem River,74,Model,Visit facility website,"Real-time waterbody advisory, visit website",2015,2,New York,40.816218,-73.933809
NY0026204,76,NY0026204-076,NYCDEP - Newtown Creek WPCP,NYC DEP,Hudson River,79,Monitoring,Visit facility website,"Real-time waterbody advisory, visit website",2015,2,Kings,40.729891,-74.011222
NY0026191,3,NY0026191-003,NYCDEP - Hunt's Point WPCP,NYC DEP,East River,33,Monitoring,Visit facility website,"Real-time waterbody advisory, visit website",2015,2,Bronx,40.801264,-73.874772
NY0026131,78,NY0026131-078,NYCDEP - Wards Island WPCP,NYC DEP,Harlem River,74,Model,Visit facility website,"Real-time waterbody advisory, visit website",2015,2,New York,40.874169,-73.910978
NY0026107,32,NY0026107-032,NYCDEP - Port Richmond WPCF,NYC DEP,Upper New York Bay,36,Model,Visit facility website,"Real-time waterbody advisory, visit website",2015,2,Richmond,40.637582,-74.06954
NY0026247,17,NY0026247-017,NYCDEP - North River WPCF,NYC DEP,Harlem River,52,Monitoring,Visit facility website,"Real-time waterbody advisory, visit website",2015,2,New York,40.859481,-73.918842
NY0026204,65,NY0026204-065,NYCDEP - Newtown Creek WPCP,NYC DEP,East River,79,Model,Visit facility website,"Real-time waterbody advisory, visit website",2015,2,Kings,40.708885,-73.996332
NY0027073,6,NY0027073-006,NYCDEP - Red Hook WPCP,NYC DEP,East River,32,Model,Visit facility website,"Real-time waterbody advisory, visit website",2015,2,Kings,40.705163,-73.987472
NY0026107,23,NY0026107-023,NYCDEP - Port Richmond WPCF,NYC DEP,Upper New York Bay,36,Model,Visit facility website,"Real-time waterbody advisory, visit website",2015,2,Richmond,40.611823,-74.060228
NY0026107,16,NY0026107-016,NYCDEP - Port Richmond WPCF,NYC DEP,Upper New York Bay,36,Model,Visit facility website,"Real-time waterbody advisory, visit website",2015,2,Richmond,40.62454,-74.072185
NY0026131,33,NY0026131-033,NYCDEP - Wards Island WPCP,NYC DEP,East River,74,Model,Visit facility website,"Real-time waterbody advisory, visit website",2015,2,New York,40.798301,-73.928975
NY0026191,25,NY0026191-025,NYCDEP - Hunt's Point WPCP,NYC DEP,East River,33,Monitoring,Visit facility website,"Real-time waterbody advisory, visit website",2015,2,Bronx,40.806386,-73.892023
NY0026191,9,NY0026191-009,NYCDEP - Hunt's Point WPCP,NYC DEP,East River,33,Monitoring,Visit facility website,"Real-time waterbody advisory, visit website",2015,2,Bronx,40.814488,-73.870733
NY0026131,25,NY0026131-025,NYCDEP - Wards Island WPCP,NYC DEP,East River,74,Model,Visit facility website,"Real-time waterbody advisory, visit website",2015,2,New York,40.793185,-73.932801
NY0026204,54,NY0026204-054,NYCDEP - Newtown Creek WPCP,NYC DEP,East River,79,Model,Visit facility website,"Real-time waterbody advisory, visit website",2015,2,Kings,40.722615,-73.972544
NY0026131,47,NY0026131-047,NYCDEP - Wards Island WPCP,NYC DEP,Harlem River,74,Model,Visit facility website,"Real-time waterbody advisory, visit website",2015,2,New York,40.827509,-73.934486
NY0026247,55,NY0026247-055,NYCDEP - North River WPCF,NYC DEP,Harlem River,52,Model,Visit facility website,"Real-time waterbody advisory, visit website",2015,2,New York,40.863132,-73.915479
NY0027073,7,NY0027073-007,NYCDEP - Red Hook WPCP,NYC DEP,East River,32,Model,Visit facility website,"Real-time waterbody advisory, visit website",2015,2,Kings,40.70455,-73.988457
NY0027073,22,NY0027073-022,NYCDEP - Red Hook WPCP,NYC DEP,Atlantic Basin,32,Model,Visit facility website,"Real-time waterbody advisory, visit website",2015,2,Kings,40.683281,-74.009666
NY0026247,22,NY0026247-022,NYCDEP - North River WPCF,NYC DEP,Hudson River,52,Model,Visit facility website,"Real-time waterbody advisory, visit website",2015,2,New York,40.744523,-74.008776
NY0026221,32,NY0026221-032,NYCDEP - Rockaway WWTP,NYC DEP,Jamaica Bay,10,Model,Visit facility website,"Real-time waterbody advisory, visit website",2015,2,Queens,40.586936,-73.821177
NY0026191,13,NY0026191-013,NYCDEP - Hunt's Point WPCP,NYC DEP,Pugsley Creek,33,Model,Visit facility website,"Real-time waterbody advisory, visit website",2015,2,Bronx,40.813788,-73.853002
NY0026158,37,NY0026158-037,NYCDEP - Bowery Bay WPCP,NYC DEP,East River,44,Model,Visit facility website,"Real-time waterbody advisory, visit website",2015,2,Queens,40.786129,-73.915523
NY0026247,30,NY0026247-030,NYCDEP - North River WPCF,NYC DEP,Hudson River,52,Model,Visit facility website,"Real-time waterbody advisory, visit website",2015,2,New York,40.763616,-74.00346
NY0027073,030A,NY0027073-030A,NYCDEP - Red Hook WPCP,NYC DEP,Gowanus Canal,32,Model,Visit facility website,"Real-time waterbody advisory, visit website",2015,2,Kings,40.668597,-74.007238
NY0026221,1,NY0026221-001,NYCDEP - Rockaway WWTP,NYC DEP,Jamaica Bay,10,Model,Visit facility website,"Real-time waterbody advisory, visit website",2015,2,Queens,40.584534,-73.829805
NY0026131,70,NY0026131-070,NYCDEP - Wards Island WPCP,NYC DEP,East River,74,Model,Visit facility website,"Real-time waterbody advisory, visit website",2015,2,New York,40.798985,-73.908344
NY0026107,24,NY0026107-024,NYCDEP - Port Richmond WPCF,NYC DEP,Newark Bay,36,Model,Visit facility website,"Real-time waterbody advisory, visit website",2015,2,Richmond,40.644367,-74.17156
NY0026191,5,NY0026191-005,NYCDEP - Hunt's Point WPCP,NYC DEP,Hutchinson River,33,Model,Visit facility website,"Real-time waterbody advisory, visit website",2015,2,Bronx,40.886835,-73.820426
NY0026191,14,NY0026191-014,NYCDEP - Hunt's Point WPCP,NYC DEP,Westchester Creek,33,Model,Visit facility website,"Real-time waterbody advisory, visit website",2015,2,Bronx,40.839542,-73.840058
NY0026247,12,NY0026247-012,NYCDEP - North River WPCF,NYC DEP,Harlem River,52,Model,Visit facility website,"Real-time waterbody advisory, visit website",2015,2,New York,40.862941,-73.915653
NY0026204,29,NY0026204-029,NYCDEP - Newtown Creek WPCP,NYC DEP,East River,79,Model,Visit facility website,"Real-time waterbody advisory, visit website",2015,2,Kings,40.726529,-73.927287
NY0026191,16,NY0026191-016,NYCDEP - Hunt's Point WPCP,NYC DEP,Westchester Creek,33,Monitoring,Visit facility website,"Real-time waterbody advisory, visit website",2015,2,Bronx,40.828342,-73.84222
NY0026158,36,NY0026158-036,NYCDEP - Bowery Bay WPCP,NYC DEP,East River,44,Model,Visit facility website,"Real-time waterbody advisory, visit website",2015,2,Queens,40.784186,-73.91726
NY0026166,7,NY0026166-007,NYCDEP - Owls Head WPCP,NYC DEP,Gowanus Canal,16,Model,Visit facility website,"Real-time waterbody advisory, visit website",2015,2,Kings,40.675536,-73.990946
NY0026182,5,NY0026182-005,NYCDEP - Coney Island WPCP,NYC DEP,Paerdegat Basin,4,Monitoring,Visit facility website,"Real-time waterbody advisory, visit website",2015,2,Kings,40.631845,-73.917037
NY0027073,16,NY0027073-016,NYCDEP - Red Hook WPCP,NYC DEP,East River,32,Model,Visit facility website,"Real-time waterbody advisory, visit website",2015,2,Kings,40.690488,-74.000786
NY0026158,18,NY0026158-018,NYCDEP - Bowery Bay WPCP,NYC DEP,East River,44,Model,Visit facility website,"Real-time waterbody advisory, visit website",2015,2,Queens,40.744421,-73.959004
NY0026239,7,NY0026239-007,NYCDEP - Tallmans Island WPCP,NYC DEP,Alley Creek,22,Model,Visit facility website,"Real-time waterbody advisory, visit website",2015,2,Queens,40.763016,-73.751822
NY0026204,55,NY0026204-055,NYCDEP - Newtown Creek WPCP,NYC DEP,East River,79,Model,Visit facility website,"Real-time waterbody advisory, visit website",2015,2,Kings,40.721312,-73.972831
NY0026204,49,NY0026204-049,NYCDEP - Newtown Creek WPCP,NYC DEP,East River,79,Monitoring,Visit facility website,"Real-time waterbody advisory, visit website",2015,2,Kings,40.731463,-73.973463
NY0027073,10,NY0027073-010,NYCDEP - Red Hook WPCP,NYC DEP,East River,32,Model,Visit facility website,"Real-time waterbody advisory, visit website",2015,2,Kings,40.700068,-73.997232
NY0026204,69,NY0026204-069,NYCDEP - Newtown Creek WPCP,NYC DEP,East River,79,Monitoring,Visit facility website,"Real-time waterbody advisory, visit website",2015,2,Kings,40.701505,-74.011036
NY0026239,9,NY0026239-009,NYCDEP - Tallmans Island WPCP,NYC DEP,Little Neck Basin,22,Model,Visit facility website,"Real-time waterbody advisory, visit website",2015,2,Queens,40.767458,-73.751594
NY0026131,37,NY0026131-037,NYCDEP - Wards Island WPCP,NYC DEP,Harlem River,74,Model,Visit facility website,"Real-time waterbody advisory, visit website",2015,2,New York,40.806913,-73.932992
NY0026239,8,NY0026239-008,NYCDEP - Tallmans Island WPCP,NYC DEP,Alley Creek,22,Monitoring,Visit facility website,"Real-time waterbody advisory, visit website",2015,2,Queens,40.761874,-73.751047
NY0026191,33,NY0026191-033,NYCDEP - Hunt's Point WPCP,NYC DEP,Westchester Creek,33,Model,Visit facility website,"Real-time waterbody advisory, visit website",2015,2,Bronx,40.827985,-73.842681
NY0026131,15,NY0026131-015,NYCDEP - Wards Island WPCP,NYC DEP,East River,74,Model,Visit facility website,"Real-time waterbody advisory, visit website",2015,2,New York,40.779841,-73.943467
NY0026191,23,NY0026191-023,NYCDEP - Hunt's Point WPCP,NYC DEP,Hutchinson River,33,Model,Visit facility website,"Real-time waterbody advisory, visit website",2015,2,Bronx,40.880442,-73.821426
NY0027073,20,NY0027073-020,NYCDEP - Red Hook WPCP,NYC DEP,Buttermilk Street,32,Model,Visit facility website,"Real-time waterbody advisory, visit website",2015,2,Kings,40.686844,-74.006387
NY0026166,21,NY0026166-021,NYCDEP - Owls Head WPCP,NYC DEP,Gravesend Bay,16,Model,Visit facility website,"Real-time waterbody advisory, visit website",2015,2,Kings,40.583312,-73.983789
NY0026212,3,NY0026212-003,NYCDEP - 26th Ward,NYC DEP,Fresh Creek Basin,4,Monitoring,Visit facility website,"Real-time waterbody advisory, visit website",2015,2,Kings,40.649287,-73.890436
NY0026158,23,NY0026158-023,NYCDEP - Bowery Bay WPCP,NYC DEP,East River,44,Model,Visit facility website,"Real-time waterbody advisory, visit website",2015,2,Queens,40.749765,-73.955992
NY0026247,36,NY0026247-036,NYCDEP - North River WPCF,NYC DEP,Hudson River,52,Model,Visit facility website,"Real-time waterbody advisory, visit website",2015,2,New York,40.773957,-73.996092
NY0026247,45,NY0026247-045,NYCDEP - North River WPCF,NYC DEP,Harlem River,52,Model,Visit facility website,"Real-time waterbody advisory, visit website",2015,2,New York,40.859244,-73.920553
NY0026204,87,NY0026204-087,NYCDEP - Newtown Creek WPCP,NYC DEP,East River,79,Model,Visit facility website,"Real-time waterbody advisory, visit website",2015,2,Kings,40.734297,-73.974192
NY0026115,5,NY0026115-005,NYCDEP - Jamaica WPCP,NYC DEP,Thurston Basin,6,Monitoring,Visit facility website,"Real-time waterbody advisory, visit website",2015,2,Queens,40.647621,-73.75491
NY0026158,5,NY0026158-005,NYCDEP - Bowery Bay WPCP,NYC DEP,Flushing Bay,44,Model,Visit facility website,"Real-time waterbody advisory, visit website",2015,2,Queens,40.77355,-73.889351
NY0026131,46,NY0026131-046,NYCDEP - Wards Island WPCP,NYC DEP,Harlem River,74,Monitoring,Visit facility website,"Real-time waterbody advisory, visit website",2015,2,New York,40.824793,-73.934319
NY0026247,1,NY0026247-001,NYCDEP - North River WPCF,NYC DEP,Hudson River,52,Model,Visit facility website,"Real-time waterbody advisory, visit website",2015,2,New York,40.825413,-73.958386
NY0026158,10,NY0026158-010,NYCDEP - Bowery Bay WPCP,NYC DEP,Dutch Kills,44,Model,Visit facility website,"Real-time waterbody advisory, visit website",2015,2,Queens,40.739439,-73.941434
NY0026247,18,NY0026247-018,NYCDEP - North River WPCF,NYC DEP,Harlem River,52,Model,Visit facility website,"Real-time waterbody advisory, visit website",2015,2,New York,40.85712,-73.921562
NY0026166,4,NY0026166-004,NYCDEP - Owls Head WPCP,NYC DEP,Upper New York Bay,16,Monitoring,Visit facility website,"Real-time waterbody advisory, visit website",2015,2,Kings,40.655417,-74.016999
NY0026166,25,NY0026166-025,NYCDEP - Owls Head WPCP,NYC DEP,Gowanus Bay,16,Model,Visit facility website,"Real-time waterbody advisory, visit website",2015,2,Kings,40.661944,-74.006317
NY0026107,33,NY0026107-033,NYCDEP - Port Richmond WPCF,NYC DEP,Kill Van Kull,36,Model,Visit facility website,"Real-time waterbody advisory, visit website",2015,2,Richmond,40.643832,-74.113018
NY0026107,6,NY0026107-006,NYCDEP - Port Richmond WPCF,NYC DEP,Kill Van Kull,36,Model,Visit facility website,"Real-time waterbody advisory, visit website",2015,2,Richmond,40.64536,-74.098394
NY0026158,25,NY0026158-025,NYCDEP - Bowery Bay WPCP,NYC DEP,East River,44,Model,Visit facility website,"Real-time waterbody advisory, visit website",2015,2,Queens,40.75745,-73.949047
NY0026158,29,NY0026158-029,NYCDEP - Bowery Bay WPCP,NYC DEP,East River,44,Model,Visit facility website,"Real-time waterbody advisory, visit website",2015,2,Queens,40.768592,-73.937797
NY0026239,24,NY0026239-024,NYCDEP - Tallmans Island WPCP,NYC DEP,Alley Pond (S),22,Model,Visit facility website,"Real-time waterbody advisory, visit website",2015,2,Queens,40.756631,-73.744619
NY0026131,2,NY0026131-002,NYCDEP - Wards Island WPCP,NYC DEP,East River,74,Model,Visit facility website,"Real-time waterbody advisory, visit website",2015,2,New York,40.766428,-73.950643
NY0027073,40,NY0027073-040,NYCDEP - Red Hook WPCP,NYC DEP,East River,32,Model,Visit facility website,"Real-time waterbody advisory, visit website",2015,2,Kings,40.703349,-73.977437
NY0026191,37,NY0026191-037,NYCDEP - Hunt's Point WPCP,NYC DEP,Shore Road Lagoon,33,Model,Visit facility website,"Real-time waterbody advisory, visit website",2015,2,Bronx,40.866847,-73.801464
NY0026131,26,NY0026131-026,NYCDEP - Wards Island WPCP,NYC DEP,East River,74,Model,Visit facility website,"Real-time waterbody advisory, visit website",2015,2,New York,40.793663,-73.931902
NY0026191,32,NY0026191-032,NYCDEP - Hunt's Point WPCP,NYC DEP,East River,33,Model,Visit facility website,"Real-time waterbody advisory, visit website",2015,2,Bronx,40.797506,-73.886212
NY0026204,77,NY0026204-077,NYCDEP - Newtown Creek WPCP,NYC DEP,Hudson River,79,Model,Visit facility website,"Real-time waterbody advisory, visit website",2015,2,Kings,40.723602,-73.920403
NY0026107,28,NY0026107-028,NYCDEP - Port Richmond WPCF,NYC DEP,Newark Bay,36,Model,Visit facility website,"Real-time waterbody advisory, visit website",2015,2,Richmond,40.63745,-74.148536
NY0026221,9,NY0026221-009,NYCDEP - Rockaway WWTP,NYC DEP,Jamaica Bay,10,Model,Visit facility website,"Real-time waterbody advisory, visit website",2015,2,Queens,40.586967,-73.821109
NY0026204,31,NY0026204-031,NYCDEP - Newtown Creek WPCP,NYC DEP,East River,79,Model,Visit facility website,"Real-time waterbody advisory, visit website",2015,2,Kings,40.764524,-73.952349
NY0026247,5,NY0026247-005,NYCDEP - North River WPCF,NYC DEP,Hudson River,52,Model,Visit facility website,"Real-time waterbody advisory, visit website",2015,2,New York,40.857649,-73.939398
NY0026166,20,NY0026166-020,NYCDEP - Owls Head WPCP,NYC DEP,Upper New York Bay,16,Model,Visit facility website,"Real-time waterbody advisory, visit website",2015,2,Kings,40.639076,-74.036789
NY0026107,4,NY0026107-004,NYCDEP - Port Richmond WPCF,NYC DEP,Kill Van Kull,36,Model,Visit facility website,"Real-time waterbody advisory, visit website",2015,2,Richmond,40.645553,-74.108859
NY0026204,14,NY0026204-014,NYCDEP - Newtown Creek WPCP,NYC DEP,Wallabout Bay,79,Monitoring,Visit facility website,"Real-time waterbody advisory, visit website",2015,2,Kings,40.705196,-73.969288
NY0026247,42,NY0026247-042,NYCDEP - North River WPCF,NYC DEP,Hudson River,52,Model,Visit facility website,"Real-time waterbody advisory, visit website",2015,2,New York,40.809146,-73.968571
NY0026191,24,NY0026191-024,NYCDEP - Hunt's Point WPCP,NYC DEP,Hutchinson River,33,Model,Visit facility website,"Real-time waterbody advisory, visit website",2015,2,Bronx,40.887805,-73.824326
NY0027073,31,NY0027073-031,NYCDEP - Red Hook WPCP,NYC DEP,Gowanus Canal,32,Model,Visit facility website,"Real-time waterbody advisory, visit website",2015,2,Kings,40.671423,-73.998917
NY0026191,12,NY0026191-012,NYCDEP - Hunt's Point WPCP,NYC DEP,Westchester Creek,33,Model,Visit facility website,"Real-time waterbody advisory, visit website",2015,2,Bronx,40.82432,-73.840977
NY0026247,38,NY0026247-038,NYCDEP - North River WPCF,NYC DEP,Hudson River,52,Monitoring,Visit facility website,"Real-time waterbody advisory, visit website",2015,2,New York,40.786617,-73.984609
NY0026191,31,NY0026191-031,NYCDEP - Hunt's Point WPCP,NYC DEP,Hutchinson River,33,Model,Visit facility website,"Real-time waterbody advisory, visit website",2015,2,Bronx,40.873797,-73.823608
NY0026166,19,NY0026166-019,NYCDEP - Owls Head WPCP,NYC DEP,Upper New York Bay,16,Monitoring,Visit facility website,"Real-time waterbody advisory, visit website",2015,2,Kings,40.63683,-74.037824
NY0026107,15,NY0026107-015,NYCDEP - Port Richmond WPCF,NYC DEP,Upper New York Bay,36,Model,Visit facility website,"Real-time waterbody advisory, visit website",2015,2,Richmond,40.625783,-74.072463
NY0027073,19,NY0027073-019,NYCDEP - Red Hook WPCP,NYC DEP,Buttermilk Channel,32,Model,Visit facility website,"Real-time waterbody advisory, visit website",2015,2,Kings,40.686384,-74.008212
NY0026131,19,NY0026131-019,NYCDEP - Wards Island WPCP,NYC DEP,East River,74,Model,Visit facility website,"Real-time waterbody advisory, visit website",2015,2,New York,40.785349,-73.93977
NY0027073,24,NY0027073-024,NYCDEP - Red Hook WPCP,NYC DEP,Atlantic Basin,32,Model,Visit facility website,"Real-time waterbody advisory, visit website",2015,2,Kings,40.681319,-74.01197
NY0026158,24,NY0026158-024,NYCDEP - Bowery Bay WPCP,NYC DEP,East River,44,Model,Visit facility website,"Real-time waterbody advisory, visit website",2015,2,Queens,40.75381,-73.952033
NY0026212,4,NY0026212-004,NYCDEP - 26th Ward,NYC DEP,Fresh Creek Basin,4,Monitoring,Visit facility website,"Real-time waterbody advisory, visit website",2015,2,Kings,40.654431,-73.879673
NY0027073,28,NY0027073-028,NYCDEP - Red Hook WPCP,NYC DEP,Buttermilk Channel,32,Monitoring,Visit facility website,"Real-time waterbody advisory, visit website",2015,2,Kings,40.680565,-74.017675
NY0026239,11,NY0026239-011,NYCDEP - Tallmans Island WPCP,NYC DEP,Flushing River,22,Monitoring,Visit facility website,"Real-time waterbody advisory, visit website",2015,2,Queens,40.765967,-73.839083
NY0026247,21,NY0026247-021,NYCDEP - North River WPCF,NYC DEP,Hudson River,52,Model,Visit facility website,"Real-time waterbody advisory, visit website",2015,2,New York,40.739215,-74.011388
NY0026239,15,NY0026239-015,NYCDEP - Tallmans Island WPCP,NYC DEP,Flushing Bay,22,Model,Visit facility website,"Real-time waterbody advisory, visit website",2015,2,Queens,40.780149,-73.850313
NY0026158,28,NY0026158-028,NYCDEP - Bowery Bay WPCP,NYC DEP,East River,44,Model,Visit facility website,"Real-time waterbody advisory, visit website",2015,2,Queens,40.76152,-73.945683
NY0026247,29,NY0026247-029,NYCDEP - North River WPCF,NYC DEP,Hudson River,52,Model,Visit facility website,"Real-time waterbody advisory, visit website",2015,2,New York,40.761946,-74.004823
NY0027073,5,NY0027073-005,NYCDEP - Red Hook WPCP,NYC DEP,East River,32,Monitoring,Visit facility website,"Real-time waterbody advisory, visit website",2015,2,Kings,40.705778,-73.982364
NY0026204,15,NY0026204-015,NYCDEP - Newtown Creek WPCP,NYC DEP,English Kills,79,Monitoring,Visit facility website,"Real-time waterbody advisory, visit website",2015,2,Kings,40.708705,-73.930411
NY0026131,69,NY0026131-069,NYCDEP - Wards Island WPCP,NYC DEP,Bronk Kills,74,Model,Visit facility website,"Real-time waterbody advisory, visit website",2015,2,New York,40.799084,-73.919256
NY0026107,11,NY0026107-011,NYCDEP - Port Richmond WPCF,NYC DEP,Upper New York Bay,36,Model,Visit facility website,"Real-time waterbody advisory, visit website",2015,2,Richmond,40.646928,-74.076596
NY0026158,43,NY0026158-043,NYCDEP - Bowery Bay WPCP,NYC DEP,Newtown Creek,44,Model,Visit facility website,"Real-time waterbody advisory, visit website",2015,2,Queens,40.739509,-73.952275
NY0026191,1,NY0026191-001,NYCDEP - Hunt's Point WPCP,NYC DEP,East River,33,Model,Visit facility website,"Real-time waterbody advisory, visit website",2015,2,Bronx,40.802284,-73.882468
NY0026239,14,NY0026239-014,NYCDEP - Tallmans Island WPCP,NYC DEP,Flushing Bay,22,Model,Visit facility website,"Real-time waterbody advisory, visit website",2015,2,Queens,40.778595,-73.849459
NY0027073,11,NY0027073-011,NYCDEP - Red Hook WPCP,NYC DEP,East River,32,Model,Visit facility website,"Real-time waterbody advisory, visit website",2015,2,Kings,40.696134,-73.999559
NY0026131,21,NY0026131-021,NYCDEP - Wards Island WPCP,NYC DEP,East River,74,Model,Visit facility website,"Real-time waterbody advisory, visit website",2015,2,New York,40.787134,-73.938179
NY0026158,15,NY0026158-015,NYCDEP - Bowery Bay WPCP,NYC DEP,Newtown Creek,44,Model,Visit facility website,"Real-time waterbody advisory, visit website",2015,2,Queens,40.739435,-73.957651
NY0027073,18,NY0027073-018,NYCDEP - Red Hook WPCP,NYC DEP,East River,32,Model,Visit facility website,"Real-time waterbody advisory, visit website",2015,2,Kings,40.688716,-74.004217
NY0026131,43,NY0026131-043,NYCDEP - Wards Island WPCP,NYC DEP,East River,74,Model,Visit facility website,"Real-time waterbody advisory, visit website",2015,2,New York,40.785909,-73.939225
NY0026221,29,NY0026221-029,NYCDEP - Rockaway WWTP,NYC DEP,Jamaica Bay,10,Monitoring,Visit facility website,"Real-time waterbody advisory, visit website",2015,2,Queens,40.584802,-73.828716
NY0026182,6,NY0026182-006,NYCDEP - Coney Island WPCP,NYC DEP,Paerdegat Basin,4,Monitoring,Visit facility website,"Real-time waterbody advisory, visit website",2015,2,Kings,40.630958,-73.917227
NY0026239,12,NY0026239-012,NYCDEP - Tallmans Island WPCP,NYC DEP,Flushing River,22,Model,Visit facility website,"Real-time waterbody advisory, visit website",2015,2,Queens,40.772002,-73.849737
NY0026204,73,NY0026204-073,NYCDEP - Newtown Creek WPCP,NYC DEP,Hudson River,79,Model,Visit facility website,"Real-time waterbody advisory, visit website",2015,2,Kings,40.718568,-74.016713
NY0026247,11,NY0026247-011,NYCDEP - North River WPCF,NYC DEP,Harlem River,52,Model,Visit facility website,"Real-time waterbody advisory, visit website",2015,2,New York,40.864335,-73.914565
NY0027073,38,NY0027073-038,NYCDEP - Red Hook WPCP,NYC DEP,Gowanus Canal,32,Model,Visit facility website,"Real-time waterbody advisory, visit website",2015,2,Kings,40.680677,-73.987325
NY0027073,30,NY0027073-030,NYCDEP - Red Hook WPCP,NYC DEP,Gowanus Canal,32,Model,Visit facility website,"Real-time waterbody advisory, visit website",2015,2,Kings,40.6686,-74.007369
NY0026247,4,NY0026247-004,NYCDEP - North River WPCF,NYC DEP,Hudson River,52,Monitoring,Visit facility website,"Real-time waterbody advisory, visit website",2015,2,New York,40.845897,-73.946492
NY0026107,1,NY0026107-001,NYCDEP - Port Richmond WPCF,NYC DEP,Kill Van Kull,36,Model,Visit facility website,"Real-time waterbody advisory, visit website",2015,2,Richmond,40.641355,-74.124855
NY0026158,3,NY0026158-003,NYCDEP - Bowery Bay WPCP,NYC DEP,Bowery Bay,44,Model,Visit facility website,"Real-time waterbody advisory, visit website",2015,2,Queens,40.776428,-73.889714
NY0026204,38,NY0026204-038,NYCDEP - Newtown Creek WPCP,NYC DEP,East River,79,Model,Visit facility website,"Real-time waterbody advisory, visit website",2015,2,Kings,40.74543,-73.970014
NY0027073,29,NY0027073-029,NYCDEP - Red Hook WPCP,NYC DEP,Upper New York Bay,32,Model,Visit facility website,"Real-time waterbody advisory, visit website",2015,2,Kings,40.673609,-74.017296
NY0026131,20,NY0026131-020,NYCDEP - Wards Island WPCP,NYC DEP,East River,74,Model,Visit facility website,"Real-time waterbody advisory, visit website",2015,2,New York,40.786454,-73.938789
NY0026247,25,NY0026247-025,NYCDEP - North River WPCF,NYC DEP,Hudson River,52,Model,Visit facility website,"Real-time waterbody advisory, visit website",2015,2,New York,40.750772,-74.010859
NY0026204,36,NY0026204-036,NYCDEP - Newtown Creek WPCP,NYC DEP,East River,79,Monitoring,Visit facility website,"Real-time waterbody advisory, visit website",2015,2,Kings,40.752215,-73.964249
NY0026131,11,NY0026131-011,NYCDEP - Wards Island WPCP,NYC DEP,East River,74,Model,Visit facility website,"Real-time waterbody advisory, visit website",2015,2,New York,40.774287,-73.943268
NY0026131,45,NY0026131-045,NYCDEP - Wards Island WPCP,NYC DEP,Harlem River,74,Monitoring,Visit facility website,"Real-time waterbody advisory, visit website",2015,2,New York,40.822713,-73.934127
NY0026204,67,NY0026204-067,NYCDEP - Newtown Creek WPCP,NYC DEP,East River,79,Model,Visit facility website,"Real-time waterbody advisory, visit website",2015,2,Kings,40.704939,-74.004394
NY0026191,17,NY0026191-017,NYCDEP - Hunt's Point WPCP,NYC DEP,East River,33,Monitoring,Visit facility website,"Real-time waterbody advisory, visit website",2015,2,Bronx,40.811459,-73.826432
NY0026131,27,NY0026131-027,NYCDEP - Wards Island WPCP,NYC DEP,East River,74,Model,Visit facility website,"Real-time waterbody advisory, visit website",2015,2,New York,40.794183,-73.930967
NY0026204,74,NY0026204-074,NYCDEP - Newtown Creek WPCP,NYC DEP,Hudson River,79,Model,Visit facility website,"Real-time waterbody advisory, visit website",2015,2,Kings,40.722987,-74.01225
NY0026107,18,NY0026107-018,NYCDEP - Port Richmond WPCF,NYC DEP,Upper New York Bay,36,Model,Visit facility website,"Real-time waterbody advisory, visit website",2015,2,Richmond,40.620807,-74.069175
NY0026131,63,NY0026131-063,NYCDEP - Wards Island WPCP,NYC DEP,Harlem River,74,Model,Visit facility website,"Real-time waterbody advisory, visit website",2015,2,New York,40.827913,-73.9331
NY0027073,13,NY0027073-013,NYCDEP - Red Hook WPCP,NYC DEP,East River,32,Model,Visit facility website,"Real-time waterbody advisory, visit website",2015,2,Kings,40.694203,-74.000326
NY0026107,13,NY0026107-013,NYCDEP - Port Richmond WPCF,NYC DEP,Upper New York Bay,36,Model,Visit facility website,"Real-time waterbody advisory, visit website",2015,2,Richmond,40.637955,-74.072603
NY0026166,5,NY0026166-005,NYCDEP - Owls Head WPCP,NYC DEP,Gowanus Canal,16,Model,Visit facility website,"Real-time waterbody advisory, visit website",2015,2,Kings,40.678044,-73.989013
NY0026191,22,NY0026191-022,NYCDEP - Hunt's Point WPCP,NYC DEP,Eastchester Bay,33,Monitoring,Visit facility website,"Real-time waterbody advisory, visit website",2015,2,Bronx,40.815666,-73.797754
NY0026239,3,NY0026239-003,NYCDEP - Tallmans Island WPCP,NYC DEP,Powell's Cove,22,Model,Visit facility website,"Real-time waterbody advisory, visit website",2015,2,Queens,40.792975,-73.829274
NY0026204,10,NY0026204-010,NYCDEP - Newtown Creek WPCP,NYC DEP,East River,79,Model,Visit facility website,"Real-time waterbody advisory, visit website",2015,2,Kings,40.716524,-73.967232
NY0026131,68,NY0026131-068,NYCDEP - Wards Island WPCP,NYC DEP,Bronx Kills,74,Monitoring,Visit facility website,"Real-time waterbody advisory, visit website",2015,2,New York,40.802433,-73.92299
NY0026247,52,NY0026247-052,NYCDEP - North River WPCF,NYC DEP,Hudson River,52,Model,Visit facility website,"Real-time waterbody advisory, visit website",2015,2,New York,40.75672,-74.005843
NY0027073,35,NY0027073-035,NYCDEP - Red Hook WPCP,NYC DEP,Gowanus Canal,32,Model,Visit facility website,"Real-time waterbody advisory, visit website",2015,2,Kings,40.676106,-73.992566
NY0026247,33,NY0026247-033,NYCDEP - North River WPCF,NYC DEP,Hudson River,52,Monitoring,Visit facility website,"Real-time waterbody advisory, visit website",2015,2,New York,40.76599,-73.997994
NY0026221,33,NY0026221-033,NYCDEP - Rockaway WWTP,NYC DEP,Beach Channel,10,Model,Visit facility website,"Real-time waterbody advisory, visit website",2015,2,Queens,40.584879,-73.828536
NY0026204,70,NY0026204-070,NYCDEP - Newtown Creek WPCP,NYC DEP,East River,79,Model,Visit facility website,"Real-time waterbody advisory, visit website",2015,2,Kings,40.704293,-74.017521
NY0026247,56,NY0026247-056,NYCDEP - North River WPCF,NYC DEP,Harlem River,52,Model,Visit facility website,"Real-time waterbody advisory, visit website",2015,2,New York,40.825786,-73.955084
NY0026166,22,NY0026166-022,NYCDEP - Owls Head WPCP,NYC DEP,Gowanus Bay,16,Model,Visit facility website,"Real-time waterbody advisory, visit website",2015,2,Kings,40.660117,-74.007959
NY0026204,37,NY0026204-037,NYCDEP - Newtown Creek WPCP,NYC DEP,East River,79,Monitoring,Visit facility website,"Real-time waterbody advisory, visit website",2015,2,Kings,40.747323,-73.968487
NY0026107,26,NY0026107-026,NYCDEP - Port Richmond WPCF,NYC DEP,Newark Bay,36,Model,Visit facility website,"Real-time waterbody advisory, visit website",2015,2,Richmond,40.639921,-74.159905
NY0026239,19,NY0026239-019,NYCDEP - Tallmans Island WPCP,NYC DEP,East River,22,Model,Visit facility website,"Real-time waterbody advisory, visit website",2015,2,Queens,40.78911,-73.854464
NY0027073,37,NY0027073-037,NYCDEP - Red Hook WPCP,NYC DEP,Gowanus Canal,32,Model,Visit facility website,"Real-time waterbody advisory, visit website",2015,2,Kings,40.680033,-73.987739
NY0026131,71,NY0026131-071,NYCDEP - Wards Island WPCP,NYC DEP,East River,74,Model,Visit facility website,"Real-time waterbody advisory, visit website",2015,2,New York,40.801458,-73.906184
NY0026131,65,NY0026131-065,NYCDEP - Wards Island WPCP,NYC DEP,Harlem River,74,Model,Visit facility website,"Real-time waterbody advisory, visit website",2015,2,New York,40.810433,-73.932813
NY0026204,3,NY0026204-003,NYCDEP - Newtown Creek WPCP,NYC DEP,East River,79,Model,Visit facility website,"Real-time waterbody advisory, visit website",2015,2,Kings,40.7295,-73.961212
NY0026191,6,NY0026191-006,NYCDEP - Hunt's Point WPCP,NYC DEP,Eastchester Bay,33,Model,Visit facility website,"Real-time waterbody advisory, visit website",2015,2,Bronx,40.868831,-73.821784
NY0026131,8,NY0026131-008,NYCDEP - Wards Island WPCP,NYC DEP,East River,74,Monitoring,Visit facility website,"Real-time waterbody advisory, visit website",2015,2,New York,40.77016,-73.947458
NY0026204,1,NY0026204-001,NYCDEP - Newtown Creek WPCP,NYC DEP,East River,79,Model,Visit facility website,"Real-time waterbody advisory, visit website",2015,2,Kings,40.731759,-73.965487
NY0026131,44,NY0026131-044,NYCDEP - Wards Island WPCP,NYC DEP,Harlem River,74,Model,Visit facility website,"Real-time waterbody advisory, visit website",2015,2,New York,40.819498,-73.933825
NY0026107,10,NY0026107-010,NYCDEP - Port Richmond WPCF,NYC DEP,Upper New York Bay,36,Model,Visit facility website,"Real-time waterbody advisory, visit website",2015,2,Richmond,40.648648,-74.084232
NY0026204,16,NY0026204-016,NYCDEP - Newtown Creek WPCP,NYC DEP,East River,79,Model,Visit facility website,"Real-time waterbody advisory, visit website",2015,2,Kings,40.750479,-73.96584
NY0027073,12,NY0027073-012,NYCDEP - Red Hook WPCP,NYC DEP,East River,32,Model,Visit facility website,"Real-time waterbody advisory, visit website",2015,2,Kings,40.703168,-73.995035
NY0026204,80,NY0026204-080,NYCDEP - Newtown Creek WPCP,NYC DEP,Hudson River,79,Model,Visit facility website,"Real-time waterbody advisory, visit website",2015,2,Kings,40.727181,-74.011496
NY0026191,29,NY0026191-029,NYCDEP - Hunt's Point WPCP,NYC DEP,Eastchester Bay,33,Model,Visit facility website,"Real-time waterbody advisory, visit website",2015,2,Bronx,40.848635,-73.815786
NY0026115,1,NY0026115-001,NYCDEP - Jamaica WPCP,NYC DEP,JAMAICA BAY,6,Model,Visit facility website,"Real-time waterbody advisory, visit website",2015,2,Queens,40.631147,-73.798198
NY0026247,10,NY0026247-010,NYCDEP - North River WPCF,NYC DEP,Harlem River,52,Model,Visit facility website,"Real-time waterbody advisory, visit website",2015,2,New York,40.865545,-73.913269
NY0026131,31,NY0026131-031,NYCDEP - Wards Island WPCP,NYC DEP,East River,74,Model,Visit facility website,"Real-time waterbody advisory, visit website",2015,2,New York,40.796685,-73.929067
NY0026158,53,NY0026158-053,NYCDEP - Bowery Bay WPCP,NYC DEP,Hellgate (E),44,Monitoring,Visit facility website,"Real-time waterbody advisory, visit website",2015,2,Queens,40.786116,-73.915344
NY0026204,78,NY0026204-078,NYCDEP - Newtown Creek WPCP,NYC DEP,Maspeth Creek,79,Monitoring,Visit facility website,"Real-time waterbody advisory, visit website",2015,2,Kings,40.707705,-73.999525
NY0026131,72,NY0026131-072,NYCDEP - Wards Island WPCP,NYC DEP,East River,74,Monitoring,Visit facility website,"Real-time waterbody advisory, visit website",2015,2,New York,40.804945,-73.902216
NY0026158,30,NY0026158-030,NYCDEP - Bowery Bay WPCP,NYC DEP,East River,44,Model,Visit facility website,"Real-time waterbody advisory, visit website",2015,2,Queens,40.771194,-73.934921
NY0026247,50,NY0026247-050,NYCDEP - North River WPCF,NYC DEP,Hudson River,52,Model,Visit facility website,"Real-time waterbody advisory, visit website",2015,2,New York,40.740715,-74.011131
NY0026191,21,NY0026191-021,NYCDEP - Hunt's Point WPCP,NYC DEP,East River,33,Monitoring,Visit facility website,"Real-time waterbody advisory, visit website",2015,2,Bronx,40.808511,-73.803847
NY0026107,29,NY0026107-029,NYCDEP - Port Richmond WPCF,NYC DEP,Newark Bay,36,Model,Visit facility website,"Real-time waterbody advisory, visit website",2015,2,Richmond,40.640724,-74.139267
NY0026131,60,NY0026131-060,NYCDEP - Wards Island WPCP,NYC DEP,Harlem River,74,Monitoring,Visit facility website,"Real-time waterbody advisory, visit website",2015,2,New York,40.842902,-73.929176
NY0026131,64,NY0026131-064,NYCDEP - Wards Island WPCP,NYC DEP,Harlem River,74,Model,Visit facility website,"Real-time waterbody advisory, visit website",2015,2,New York,40.819676,-73.932511
NY0026247,2,NY0026247-002,NYCDEP - North River WPCF,NYC DEP,Hudson River,52,Model,Visit facility website,"Real-time waterbody advisory, visit website",2015,2,New York,40.832529,-73.951189
NY0026131,61,NY0026131-061,NYCDEP - Wards Island WPCP,NYC DEP,Harlem River,74,Model,Visit facility website,"Real-time waterbody advisory, visit website",2015,2,New York,40.840386,-73.930475
NY0026204,25,NY0026204-025,NYCDEP - Newtown Creek WPCP,NYC DEP,East River,79,Model,Visit facility website,"Real-time waterbody advisory, visit website",2015,2,Kings,40.733755,-73.962342
NY0026158,45,NY0026158-045,NYCDEP - Bowery Bay WPCP,NYC DEP,East River,44,Model,Visit facility website,"Real-time waterbody advisory, visit website",2015,2,Queens,40.776178,-73.929834
NY0026107,36,NY0026107-036,NYCDEP - Port Richmond WPCF,NYC DEP,Bodine Creek,36,Model,Visit facility website,"Real-time waterbody advisory, visit website",2015,2,Richmond,40.637471,-74.127649
NY0026204,81,NY0026204-081,NYCDEP - Newtown Creek WPCP,NYC DEP,Hudson River,79,Model,Visit facility website,"Real-time waterbody advisory, visit website",2015,2,Kings,40.733507,-74.010861
NY0026247,44,NY0026247-044,NYCDEP - North River WPCF,NYC DEP,Hudson River,52,Model,Visit facility website,"Real-time waterbody advisory, visit website",2015,2,New York,40.823259,-73.956614
NY0026247,9,NY0026247-009,NYCDEP - North River WPCF,NYC DEP,Harlem River,52,Model,Visit facility website,"Real-time waterbody advisory, visit website",2015,2,New York,40.868073,-73.911671
NY0026239,20,NY0026239-020,NYCDEP - Tallmans Island WPCP,NYC DEP,East River,22,Monitoring,Visit facility website,"Real-time waterbody advisory, visit website",2015,2,Queens,40.794488,-73.84884
NY0026204,72,NY0026204-072,NYCDEP - Newtown Creek WPCP,NYC DEP,Hudson River,79,Model,Visit facility website,"Real-time waterbody advisory, visit website",2015,2,Kings,40.715105,-74.017359
NY0026204,47,NY0026204-047,NYCDEP - Newtown Creek WPCP,NYC DEP,East River,79,Model,Visit facility website,"Real-time waterbody advisory, visit website",2015,2,Kings,40.735177,-73.974415
NY0026107,35,NY0026107-035,NYCDEP - Port Richmond WPCF,NYC DEP,Kill Van Kull,36,Monitoring,Visit facility website,"Real-time waterbody advisory, visit website",2015,2,Richmond,40.640243,-74.12611
NY0026131,14,NY0026131-014,NYCDEP - Wards Island WPCP,NYC DEP,East River,74,Model,Visit facility website,"Real-time waterbody advisory, visit website",2015,2,New York,40.778407,-73.94281
NY0026131,3,NY0026131-003,NYCDEP - Wards Island WPCP,NYC DEP,East River,74,Monitoring,Visit facility website,"Real-time waterbody advisory, visit website",2015,2,New York,40.767046,-73.950116
NY0026204,11,NY0026204-011,NYCDEP - Newtown Creek WPCP,NYC DEP,East River,79,Model,Visit facility website,"Real-time waterbody advisory, visit website",2015,2,Kings,40.751677,-73.964766
NY0026158,32,NY0026158-032,NYCDEP - Bowery Bay WPCP,NYC DEP,East River,44,Model,Visit facility website,"Real-time waterbody advisory, visit website",2015,2,Queens,40.774317,-73.937787
NY0026131,53,NY0026131-053,NYCDEP - Wards Island WPCP,NYC DEP,Hudson River,74,Model,Visit facility website,"Real-time waterbody advisory, visit website",2015,2,New York,40.904976,-73.913893
NY0027073,2,NY0027073-002,NYCDEP - Red Hook WPCP,NYC DEP,East River,32,Monitoring,Visit facility website,"Real-time waterbody advisory, visit website",2015,2,Kings,40.705534,-73.981071
NY0026204,23,NY0026204-023,NYCDEP - Newtown Creek WPCP,NYC DEP,Newtown Creek,79,Model,Visit facility website,"Real-time waterbody advisory, visit website",2015,2,Kings,40.736892,-73.959978
NY0026204,18,NY0026204-018,NYCDEP - Newtown Creek WPCP,NYC DEP,East River,79,Model,Visit facility website,"Real-time waterbody advisory, visit website",2015,2,Kings,40.747337,-73.968474
NY0026221,14,NY0026221-014,NYCDEP - Rockaway WWTP,NYC DEP,Jamaica Bay,10,Model,Visit facility website,"Real-time waterbody advisory, visit website",2015,2,Queens,40.589406,-73.816636
NY0026131,34,NY0026131-034,NYCDEP - Wards Island WPCP,NYC DEP,East River,74,Model,Visit facility website,"Real-time waterbody advisory, visit website",2015,2,New York,40.799778,-73.928912
NY0026107,023A,NY0026107-023A,NYCDEP - Port Richmond WPCF,NYC DEP,Upper New York Bay,36,Model,Visit facility website,"Real-time waterbody advisory, visit website",2015,2,Richmond,40.611932,-74.060018
NY0026247,16,NY0026247-016,NYCDEP - North River WPCF,NYC DEP,Harlem River,52,Model,Visit facility website,"Real-time waterbody advisory, visit website",2015,2,New York,40.860726,-73.91796
NY0027073,23,NY0027073-023,NYCDEP - Red Hook WPCP,NYC DEP,Atlantic Basin,32,Model,Visit facility website,"Real-time waterbody advisory, visit website",2015,2,Kings,40.682545,-74.010539
NY0026131,75,NY0026131-075,NYCDEP - Wards Island WPCP,NYC DEP,Harlem River,74,Monitoring,Visit facility website,"Real-time waterbody advisory, visit website",2015,2,New York,40.813955,-73.932427
NY0026247,46,NY0026247-046,NYCDEP - North River WPCF,NYC DEP,Hudson River,52,Monitoring,Visit facility website,"Real-time waterbody advisory, visit website",2015,2,New York,40.777536,-73.990956
